URL,Address,Bedrooms,Bathrooms,Property Type,BER Rating,Price (â‚¬),lat,lon,nearest_park_km_y,nearest_beach_km_y,nearest_gym_km_y,nearest_supermarket_km_y,nearest_bus_stop_km_y,nearest_rail_station_km_y,nearest_tram_stop_km_y,nearest_park_name_y,nearest_beach_name_y,nearest_gym_name_y,nearest_supermarket_name_y,nearest_bus_stop_name_y,nearest_rail_station_name_y,nearest_tram_stop_name_y,distance_to_city_centre_km,price_per_bedroom,energy_monthly_estimate,effective_monthly_cost
https://www.daft.ie/for-rent/house-37-rathdown-drive-dublin-6w-terenure-dublin-6w/6192871,"37 Rathdown Drive, Dublin 6w, Terenure, Dublin 6W",3.0,3.0,House,C1,4000.0,53.3067446,-6.2887576,4.014,5.761,4.277,2.259,3.602,4.469,3.235,St Stephen's Green,Sandymount Strand,FlyeFit Georges St,Lidl Rathmines,Leeson St Lwr Stop,Heuston Station,Charlemont Luas,5.147042191615727,1333.3333333333333,140.0,4140.0
https://www.daft.ie/for-rent/apartment-the-pines-herbert-park-lane-ballsbridge-dublin-4/6218476,"The Pines, Herbert Park Lane, Ballsbridge, Dublin 4",2.0,2.0,Apartment,C1,3178.0,38.1593008,-78.4872341,5586.767,5595.179,5591.323,5590.362,5590.401,5589.487,5591.447,Phoenix Park,Sandymount Strand,Ben Dunne Gym Northside,Aldi Phibsborough,Phibsborough Rd Stop,Heuston Station,Abbey Street Luas,5591.434238356863,1589.0,140.0,3318.0
https://www.daft.ie/for-rent/apartment-the-pines-herbert-park-lane-ballsbridge-dublin-4/6218476,"The Pines, Herbert Park Lane, Ballsbridge, Dublin 4",2.0,2.0,Apartment,C1,3178.0,38.1593008,-78.4872341,5586.767,5595.179,5591.323,5590.362,5590.401,5589.487,5591.447,Phoenix Park,Sandymount Strand,Ben Dunne Gym Northside,Aldi Phibsborough,Phibsborough Rd Stop,Heuston Station,Abbey Street Luas,5591.434238356863,1589.0,140.0,3318.0
https://www.daft.ie/for-rent/apartment-2-bedroom-apartment-shackleton-point-shackleton-park-lucan-co-dublin/3503104,"2 Bedroom Apartment , Shackleton Point, Shackleton Park, Lucan, Co. Dublin",2.0,2.0,Apartment,A2,2259.0,44.9951619,-83.8715598,5429.09,5437.577,5432.718,5432.382,5432.429,5431.854,5433.656,Phoenix Park,Sandymount Strand,Ben Dunne Gym Northside,Aldi Phibsborough,Phibsborough Rd Stop,Heuston Station,Abbey Street Luas,5433.629837921387,1129.5,50.0,2309.0
https://www.daft.ie/for-rent/house-12-larkfield-glade-dublin-18-leopardstown-dublin-18/6219294,"12 Larkfield Glade, Dublin 18, Leopardstown, Dublin 18",4.0,3.0,House,A3,3995.0,53.2576949,-6.2002853,9.634,6.245,2.157,2.73,9.183,10.086,8.854,Merrion Square Park,Killiney Beach,Raw Gyms Sandyford,SuperValu Balally,Leeson St Lwr Stop,Pearse Station,Charlemont Luas,10.990600646386458,998.75,50.0,4045.0
https://www.daft.ie/for-rent/apartment--grove-park-rathmines-dublin-6/6213921,"Grove Park, Rathmines, Dublin 6",1.0,1.0,Studio,BER Exempt,2100.0,53.3291709,-6.2674421,1.147,3.775,1.457,0.955,0.814,2.106,0.614,St Stephen's Green,Sandymount Strand,FlyeFit Georges St,Lidl Rathmines,Leeson St Lwr Stop,Pearse Station,Charlemont Luas,2.342348134869355,2100.0,80.0,2180.0
https://www.daft.ie/for-rent/apartment--grove-park-rathmines-dublin-6/6213921,"Grove Park, Rathmines, Dublin 6",1.0,1.0,Studio,BER Exempt,2100.0,53.3291709,-6.2674421,1.147,3.775,1.457,0.955,0.814,2.106,0.614,St Stephen's Green,Sandymount Strand,FlyeFit Georges St,Lidl Rathmines,Leeson St Lwr Stop,Pearse Station,Charlemont Luas,2.342348134869355,2100.0,80.0,2180.0
https://www.daft.ie/for-rent/apartment--grove-park-rathmines-dublin-6/6213921,"Grove Park, Rathmines, Dublin 6",1.0,1.0,Studio,BER Exempt,2100.0,53.3291709,-6.2674421,1.147,3.775,1.457,0.955,0.814,2.106,0.614,St Stephen's Green,Sandymount Strand,FlyeFit Georges St,Lidl Rathmines,Leeson St Lwr Stop,Pearse Station,Charlemont Luas,2.342348134869355,2100.0,80.0,2180.0
https://www.daft.ie/for-rent/apartment--grove-park-rathmines-dublin-6/6213921,"Grove Park, Rathmines, Dublin 6",1.0,1.0,Studio,BER Exempt,2100.0,53.3291709,-6.2674421,1.147,3.775,1.457,0.955,0.814,2.106,0.614,St Stephen's Green,Sandymount Strand,FlyeFit Georges St,Lidl Rathmines,Leeson St Lwr Stop,Pearse Station,Charlemont Luas,2.342348134869355,2100.0,80.0,2180.0
https://www.daft.ie/for-rent/apartment--grove-park-rathmines-dublin-6/6213921,"Grove Park, Rathmines, Dublin 6",1.0,1.0,Studio,BER Exempt,2100.0,53.3291709,-6.2674421,1.147,3.775,1.457,0.955,0.814,2.106,0.614,St Stephen's Green,Sandymount Strand,FlyeFit Georges St,Lidl Rathmines,Leeson St Lwr Stop,Pearse Station,Charlemont Luas,2.342348134869355,2100.0,80.0,2180.0
https://www.daft.ie/for-rent/house-frankfort-avenue-rathgar-dublin-6/6211743,"Frankfort Avenue, Rathgar, Dublin 6",3.0,3.0,House,BER Exempt,4617.0,53.3161259,-6.267333,2.515,4.039,2.891,0.56,1.998,3.357,1.596,St Stephen's Green,Sandymount Strand,FlyeFit Georges St,Lidl Rathmines,Leeson St Lwr Stop,Pearse Station,Charlemont Luas,3.7733990925997887,1539.0,80.0,4697.0
https://www.daft.ie/for-rent/flat-phibsborough-road-phibsborough-dublin-7/6179948,"Phibsborough Road, Phibsborough, Dublin 7",1.0,1.0,Studio,C1,1500.0,53.3632964,-6.2723179,2.925,5.582,2.447,0.2,0.256,2.083,1.763,St Stephen's Green,Sandymount Strand,FlyeFit Georges St,Aldi Phibsborough,Phibsborough Rd Stop,Connolly Station,Abbey Street Luas,1.6995017208535086,1500.0,140.0,1640.0
https://www.daft.ie/for-rent/house-creston-avenue-dubin-11-finglas-dublin-11/6213037,"Creston Avenue, Dubin 11, Finglas, Dublin 11",3.0,2.0,House,,2458.0,40.8692145,-73.8933925,5091.805,5100.209,5096.392,5095.409,5095.448,5094.521,5096.486,Phoenix Park,Sandymount Strand,Ben Dunne Gym Northside,Aldi Phibsborough,Phibsborough Rd Stop,Heuston Station,Abbey Street Luas,5096.474599976167,819.3333333333334,,
https://www.daft.ie/for-rent/house-40-diswellstown-drive-hamilton-park-castleknock-dublin-15/6220252,"40 Diswellstown Drive, Hamilton Park, Castleknock, Dublin 15",4.0,3.0,House,A3,3750.0,53.3669361,-6.3842744,3.78,12.268,8.513,7.448,7.479,6.535,8.45,Phoenix Park,Sandymount Strand,FlyeFit Georges St,Aldi Phibsborough,Phibsborough Rd Stop,Heuston Station,Abbey Street Luas,8.444963454064672,937.5,50.0,3800.0
https://www.daft.ie/for-rent/house-40-diswellstown-drive-hamilton-park-castleknock-dublin-15/6220252,"40 Diswellstown Drive, Hamilton Park, Castleknock, Dublin 15",4.0,3.0,House,A3,3750.0,53.3669361,-6.3842744,3.78,12.268,8.513,7.448,7.479,6.535,8.45,Phoenix Park,Sandymount Strand,FlyeFit Georges St,Aldi Phibsborough,Phibsborough Rd Stop,Heuston Station,Abbey Street Luas,8.444963454064672,937.5,50.0,3800.0
https://www.daft.ie/for-rent/studio-apartment-killinarden-estate-dublin-24-tallaght-dublin-24/6203313,"Killinarden Estate, Dublin 24, Tallaght, Dublin 24",1.0,1.0,Studio,BER Exempt,1400.0,53.2800342,-6.388619,9.385,13.031,10.822,9.429,10.543,9.835,10.258,Phoenix Park,Sandymount Strand,FlyeFit Georges St,Lidl Rathmines,Leeson St Lwr Stop,Heuston Station,Charlemont Luas,11.525715786276235,1400.0,80.0,1480.0
https://www.daft.ie/for-rent/apartment-apartment-4-44-cabra-park-phibsborough-dublin-7/6135227,"Apartment 7, 44 Cabra Park, Phibsborough, Dublin 7",1.0,1.0,Studio,B2,1550.0,25.2768425,51.5141031,5656.939,5650.188,5657.379,5657.899,5661.468,5661.052,5661.478,St Anne's Park,Killiney Beach,Raw Gyms Sandyford,SuperValu Balally,Leeson St Lwr Stop,Pearse Station,Charlemont Luas,5661.993272381886,1550.0,80.0,1630.0
https://www.daft.ie/for-rent/apartment-smithfield-market-smithfield-dublin-7/6216972,"Smithfield Market, Smithfield, Dublin 7",1.0,1.0,Apartment,D2,2300.0,53.3482499,-6.2783247,1.696,4.97,1.232,1.525,1.209,0.9,1.187,St Stephen's Green,Sandymount Strand,FlyeFit Georges St,Aldi Phibsborough,O'Connell St Stop,Heuston Station,Abbey Street Luas,1.2087699587064482,2300.0,215.0,2515.0
https://www.daft.ie/for-rent/apartment-smithfield-market-smithfield-dublin-7/6216972,"Smithfield Market, Smithfield, Dublin 7",1.0,1.0,Apartment,D2,2300.0,53.3482499,-6.2783247,1.696,4.97,1.232,1.525,1.209,0.9,1.187,St Stephen's Green,Sandymount Strand,FlyeFit Georges St,Aldi Phibsborough,O'Connell St Stop,Heuston Station,Abbey Street Luas,1.2087699587064482,2300.0,215.0,2515.0
https://www.daft.ie/for-rent/apartment-smithfield-market-smithfield-dublin-7/6216972,"Smithfield Market, Smithfield, Dublin 7",1.0,1.0,Apartment,D2,2300.0,53.3482499,-6.2783247,1.696,4.97,1.232,1.525,1.209,0.9,1.187,St Stephen's Green,Sandymount Strand,FlyeFit Georges St,Aldi Phibsborough,O'Connell St Stop,Heuston Station,Abbey Street Luas,1.2087699587064482,2300.0,215.0,2515.0
https://www.daft.ie/for-rent/house--warners-lane-dublin-6-ranelagh-dublin-6/6218044,"Warner's Lane, Dublin 6, Ranelagh, Dublin 6",3.0,3.0,House,A2,6500.0,53.33166,-6.2536005,0.814,2.869,1.308,1.398,0.27,1.42,0.396,St Stephen's Green,Sandymount Strand,FlyeFit Georges St,Lidl Rathmines,Leeson St Lwr Stop,Pearse Station,Charlemont Luas,2.0655317708031378,2166.6666666666665,50.0,6550.0
https://www.daft.ie/for-rent/apartment-apartment-32-85-wellington-house-ballsbridge-dublin-4/6184400,"Apartment 32, 85 Wellington House, Ballsbridge, Dublin 4",2.0,1.0,House,C3,3100.0,41.6525143,-73.7402992,5026.661,5035.081,5031.186,5030.248,5030.287,5029.384,5031.34,Phoenix Park,Sandymount Strand,Ben Dunne Gym Northside,Aldi Phibsborough,Phibsborough Rd Stop,Heuston Station,Abbey Street Luas,5031.327399633035,1550.0,140.0,3240.0
https://www.daft.ie/for-rent/apartment-apartment-39-brookwood-abbey-artane-dublin-5/6208479,"Apartment 39, Brookwood Abbey, Artane, Dublin 5",2.0,2.0,Apartment,D1,2276.0,41.5128428,-73.9733268,5051.497,5059.917,5056.022,5055.084,5055.123,5054.22,5056.176,Phoenix Park,Sandymount Strand,Ben Dunne Gym Northside,Aldi Phibsborough,Phibsborough Rd Stop,Heuston Station,Abbey Street Luas,5056.163282000625,1138.0,215.0,2491.0
https://www.daft.ie/for-rent/property-apartment-3-108-philipsburgh-avenue-fairview-co-dublin/6186567,"Apartment 3, 108 Philipsburgh Avenue, Fairview, Dublin 3",2.0,2.0,Apartment,BER Exempt,2200.0,51.4619187,-0.2170866,456.389,446.84,453.999,454.588,459.387,459.318,459.294,St Anne's Park,Killiney Beach,Raw Gyms Sandyford,SuperValu Balally,Leeson St Lwr Stop,Pearse Station,Charlemont Luas,460.363662071596,1100.0,80.0,2280.0
https://www.daft.ie/for-rent/studio-apartment-27-nutley-park-dublin-4-donnybrook-dublin-4/6217315,"27 Nutley Park, Dublin 4, Donnybrook, Dublin 4",1.0,1.0,Studio,BER Exempt,1700.0,53.3128824,-6.2202687,3.494,1.925,4.147,0.839,3.31,3.894,3.118,Merrion Square Park,Sandymount Strand,Raw Gyms Sandyford,Tesco Merrion,Leeson St Lwr Stop,Pearse Station,Charlemont Luas,4.890571202558858,1700.0,80.0,1780.0
https://www.daft.ie/for-rent/apartment-apartment-81-castle-gate-apartments-dublin-2/6212749,"Apartment 81, Castle Gate Apartments, Dublin 2",1.0,1.0,Apartment,A3,2500.0,28.6312686,77.3056064,7076.555,7074.656,7080.665,7080.817,7082.575,7081.645,7082.606,St Anne's Park,Dollymount Strand,Ben Dunne Gym Northside,Tesco Merrion,O'Connell St Stop,Connolly Station,Abbey Street Luas,7082.565187149131,2500.0,50.0,2550.0
https://www.daft.ie/for-rent/studio-apartment-lansdowne-terrace-sandymount-dublin-4/6216268,"Lansdowne Terrace, Sandymount, Dublin 4",1.0,1.0,Studio,BER Exempt,1303.0,51.5236176,-0.1207887,458.808,449.457,456.635,457.22,461.932,461.836,461.847,St Anne's Park,Killiney Beach,Raw Gyms Sandyford,SuperValu Balally,Leeson St Lwr Stop,Pearse Station,Charlemont Luas,462.8760216999682,1303.0,80.0,1383.0
https://www.daft.ie/for-rent/house-2a-weston-road-churchtown-churchtown-dublin-14/6201540,"2A Weston Road, Churchtown, Churchtown, Dublin 14",3.0,3.0,House,A2,3750.0,53.2914949,-6.2557673,5.198,5.156,3.439,2.834,4.616,5.853,4.218,St Stephen's Green,Sandymount Strand,Raw Gyms Sandyford,SuperValu Balally,Leeson St Lwr Stop,Pearse Station,Charlemont Luas,6.490217916774446,1250.0,50.0,3800.0
https://www.daft.ie/for-rent/house-virginia-park-dublin-11-finglas-dublin-11/6147449,"Virginia Park, Dublin 11, Finglas, Dublin 11",4.0,2.0,House,BER Exempt,3650.0,53.3829413,-6.3129955,3.116,9.049,4.47,3.597,3.654,4.249,5.128,Phoenix Park,Sandymount Strand,Ben Dunne Gym Northside,Aldi Phibsborough,Phibsborough Rd Stop,Heuston Station,Abbey Street Luas,5.079819384578338,912.5,80.0,3730.0
https://www.daft.ie/for-rent/house-2-the-hedgerows-foxrock-dublin-18/6208910,"2 The Hedgerows, Foxrock, Dublin 18",2.0,2.0,House,C2,2900.0,53.2675831,-6.1848832,9.035,5.323,1.973,2.582,8.711,9.451,8.425,Merrion Square Park,Killiney Beach,Raw Gyms Sandyford,SuperValu Balally,Leeson St Lwr Stop,Pearse Station,Charlemont Luas,10.42518844684853,1450.0,140.0,3040.0
https://www.daft.ie/for-rent/flat-flat-3-14-grosvenor-road-rathgar-dublin-6/6114562,"Flat 3, 14 Grosvenor Road, Rathgar, Dublin 6",1.0,1.0,Studio,BER Exempt,1100.0,51.5833078,-0.0122877,462.242,453.095,460.29,460.87,465.492,465.368,465.415,St Anne's Park,Killiney Beach,Raw Gyms Sandyford,SuperValu Balally,Leeson St Lwr Stop,Pearse Station,Charlemont Luas,466.402521567832,1100.0,80.0,1180.0
https://www.daft.ie/for-rent/apartment-88-ranelagh-road-ranelagh-dublin-6/6212106,"Apartment 5, 88, Ranelagh Road, Ranelagh, Dublin 6",2.0,1.0,Apartment,BER Exempt,3000.0,43.0752581,-77.4504449,5164.456,5172.933,5168.638,5167.937,5167.979,5167.205,5169.106,Phoenix Park,Sandymount Strand,Ben Dunne Gym Northside,Aldi Phibsborough,Phibsborough Rd Stop,Heuston Station,Abbey Street Luas,5169.08809166469,1500.0,80.0,3080.0
https://www.daft.ie/for-rent/house-roebuck-downs-dublin-14-windy-arbour-dublin-14/6181450,"Roebuck Downs, Dublin 14, Windy Arbour, Dublin 14",3.0,1.0,House,C2,3300.0,53.301878,-6.2357265,4.258,3.466,3.314,2.269,3.738,4.738,3.405,Merrion Square Park,Sandymount Strand,Raw Gyms Sandyford,Tesco Merrion,Leeson St Lwr Stop,Pearse Station,Charlemont Luas,5.572993953868825,1100.0,140.0,3440.0
https://www.daft.ie/for-rent/apartment-3-bed-claremont-howth-road-howth-dublin-13/6124175,"3 Bed, Claremont, Howth Road, Howth, Dublin 13",3.0,2.0,Apartment,A2,4900.0,51.4857755,-2.5234635,324.522,312.997,319.73,320.352,326.001,326.243,325.821,St Anne's Park,Killiney Beach,Raw Gyms Sandyford,SuperValu Balally,Leeson St Lwr Stop,Pearse Station,Charlemont Luas,327.316000203644,1633.3333333333333,50.0,4950.0
https://www.daft.ie/for-rent/house-the-crescent-robswall-malahide-co-dublin/6218122,"The Crescent, Robswall, Malahide, Co. Dublin",5.0,3.0,House,B3,4500.0,53.2588539,-1.9149896,283.306,278.762,285.664,286.106,288.64,287.974,288.721,St Anne's Park,Killiney Beach,Raw Gyms Sandyford,SuperValu Balally,Leeson St Lwr Stop,Connolly Station,Charlemont Luas,288.8615374163128,900.0,80.0,4580.0
https://www.daft.ie/for-rent/apartment-harolds-cross-road-rathmines-dublin-6/6218820,"Harold'S Cross Road, Rathmines, Dublin 6",1.0,1.0,Studio,A3,2180.0,53.319125,-6.2788856,2.495,4.672,2.754,0.993,2.12,3.204,1.787,St Stephen's Green,Sandymount Strand,FlyeFit Georges St,Lidl Rathmines,Leeson St Lwr Stop,Heuston Station,Charlemont Luas,3.627285051038185,2180.0,50.0,2230.0
https://www.daft.ie/for-rent/studio-apartment-20-elgin-road-dublin-4-ballsbridge-dublin-4/6205364,"20 Elgin Road, Dublin 4, Ballsbridge, Dublin 4",1.0,1.0,Studio,C3,1995.0,53.3300688,-6.234783,1.381,1.609,2.296,1.395,1.511,1.754,1.557,Merrion Square Park,Sandymount Strand,FlyeFit Georges St,Tesco Merrion,Leeson St Lwr Stop,Pearse Station,Charlemont Luas,2.7719352970904385,1995.0,140.0,2135.0
https://www.daft.ie/for-rent/apartment-the-william-bligh-the-gasworks-south-lotts-road-grand-canal-dock-dublin-2/6217116,"The William Bligh, The Gasworks, South Lotts Road, Grand Canal Dock, Dublin 2",2.0,2.0,Apartment,C2,2750.0,53.3387944,-6.2352358,0.883,1.953,1.877,2.242,1.582,0.993,1.711,Merrion Square Park,Sandymount Strand,FlyeFit Georges St,Tesco Merrion,Leeson St Lwr Stop,Pearse Station,St Stephen's Green Luas,2.065438532517443,1375.0,140.0,2890.0
https://www.daft.ie/for-rent/house-14-woodlawn-view-santry-dublin-9/5976310,"Kismet, 14 Woodlawn View, Coolock, Dublin 17",5.0,3.0,House,B3,4400.0,37.2057197,-100.702017,7041.377,7049.822,7044.626,7044.528,7044.577,7044.135,7045.863,Phoenix Park,Sandymount Strand,Ben Dunne Gym Northside,Aldi Phibsborough,Phibsborough Rd Stop,Heuston Station,Abbey Street Luas,7045.829111617309,880.0,80.0,4480.0
https://www.daft.ie/for-rent/house-sundrive-road-crumlin-dublin-12/6215930,"Sundrive Road, Crumlin, Dublin 12",3.0,2.0,House,D1,2200.0,53.3265404,-6.2972853,2.848,5.764,2.853,2.288,2.77,2.294,2.615,St Stephen's Green,Sandymount Strand,FlyeFit Georges St,Lidl Rathmines,Leeson St Lwr Stop,Heuston Station,Charlemont Luas,3.5663832101097945,733.3333333333334,215.0,2415.0
https://www.daft.ie/for-rent/apartment-botanic-avenue-drumcondra-dublin-9/6204329,"Botanic Avenue, Drumcondra, Dublin 9",1.0,1.0,Studio,BER Exempt,1715.0,53.3678676,-6.2575149,3.222,5.309,2.514,1.215,1.228,1.869,2.096,Merrion Square Park,Sandymount Strand,Ben Dunne Gym Northside,Aldi Phibsborough,Phibsborough Rd Stop,Connolly Station,Abbey Street Luas,2.017509051978927,1715.0,80.0,1795.0
https://www.daft.ie/for-rent/apartment-botanic-avenue-drumcondra-dublin-9/6204329,"Botanic Avenue, Drumcondra, Dublin 9",1.0,1.0,Studio,BER Exempt,1715.0,53.3678676,-6.2575149,3.222,5.309,2.514,1.215,1.228,1.869,2.096,Merrion Square Park,Sandymount Strand,Ben Dunne Gym Northside,Aldi Phibsborough,Phibsborough Rd Stop,Connolly Station,Abbey Street Luas,2.017509051978927,1715.0,80.0,1795.0
https://www.daft.ie/for-rent/apartment-71-amiens-street-north-strand-dublin-3/6194079,"Amiens Street, North Strand, Dublin 3",2.0,1.0,Apartment,D2,2500.0,53.350296,-6.250862,1.222,3.556,1.225,1.896,0.629,0.345,0.653,Merrion Square Park,Sandymount Strand,FlyeFit Georges St,Aldi Phibsborough,O'Connell St Stop,Connolly Station,Abbey Street Luas,0.6288702393929833,1250.0,215.0,2715.0
https://www.daft.ie/for-rent/apartment-apartment-8-50-castle-avenue-clontarf-dublin-3/6207420,"Apartment 8, 50 Castle Avenue, Clontarf, Dublin 3",2.0,1.0,Apartment,B1,2450.0,48.1492449,11.5428073,1370.145,1361.849,1369.079,1369.64,1373.902,1373.668,1373.857,St Anne's Park,Killiney Beach,Raw Gyms Sandyford,SuperValu Balally,Leeson St Lwr Stop,Pearse Station,Charlemont Luas,1374.6749324303312,1225.0,80.0,2530.0
https://www.daft.ie/for-rent/studio-apartment-clonliffe-road-drumcondra-dublin-3/6217666,"Clonliffe Road, Drumcondra, Dublin 3",3.0,1.0,Studio,BER Exempt,1850.0,53.3629946,-6.255106,2.66,4.78,2.393,1.16,1.143,1.308,1.586,Merrion Square Park,Sandymount Strand,FlyeFit Georges St,Aldi Phibsborough,Phibsborough Rd Stop,Connolly Station,Abbey Street Luas,1.5071209902747449,616.6666666666666,80.0,1930.0
https://www.daft.ie/for-rent/studio-apartment-clonliffe-road-drumcondra-dublin-3/6217666,"Clonliffe Road, Drumcondra, Dublin 3",3.0,1.0,Studio,BER Exempt,1850.0,53.3629946,-6.255106,2.66,4.78,2.393,1.16,1.143,1.308,1.586,Merrion Square Park,Sandymount Strand,FlyeFit Georges St,Aldi Phibsborough,Phibsborough Rd Stop,Connolly Station,Abbey Street Luas,1.5071209902747449,616.6666666666666,80.0,1930.0
https://www.daft.ie/for-rent/studio-apartment-23-cherry-house-mespil-estate-ballsbridge-dublin-4/6191880,"23 Cherry House, Mespil Estate, Ballsbridge, Dublin 4",1.0,1.0,House,C1,1995.0,39.867926,-74.9681097,5233.184,5241.581,5237.799,5236.796,5236.834,5235.898,5237.866,Phoenix Park,Sandymount Strand,Ben Dunne Gym Northside,Aldi Phibsborough,Phibsborough Rd Stop,Heuston Station,Abbey Street Luas,5237.855215461648,1995.0,140.0,2135.0
https://www.daft.ie/for-rent/apartment-orchard-hall-diswellstown-avenue-castleknock-dublin-15/6205322,"Orchard Hall, Diswellstown Avenue, Castleknock, Dublin 15",2.0,2.0,Apartment,A2,2492.0,51.6016033,0.0391239,464.44,455.368,462.568,463.147,467.735,467.601,467.661,St Anne's Park,Killiney Beach,Raw Gyms Sandyford,SuperValu Balally,Leeson St Lwr Stop,Pearse Station,Charlemont Luas,468.6337220057105,1246.0,50.0,2542.0
https://www.daft.ie/for-rent/studio-apartment-60-pembroke-road-dublin-4-ballsbridge-dublin-4/6107520,"60 Pembroke Road, Dublin 4, Ballsbridge, Dublin 4",1.0,1.0,Studio,BER Exempt,2000.0,53.3327039,-6.2394489,0.957,1.955,1.874,1.819,1.166,1.355,1.298,Merrion Square Park,Sandymount Strand,FlyeFit Georges St,Tesco Merrion,Leeson St Lwr Stop,Pearse Station,Charlemont Luas,2.351599891291088,2000.0,80.0,2080.0
https://www.daft.ie/for-rent/apartment-ushers-quay-dublin-8-christchurch-dublin-8/6157183,"Ushers Quay,Dublin 8, Christchurch, Dublin 8",1.0,1.0,Apartment,D1,2100.0,53.3457875,-6.3063413,1.986,6.619,2.908,2.851,2.838,0.98,3.065,Phoenix Park,Sandymount Strand,FlyeFit Georges St,Aldi Phibsborough,Phibsborough Rd Stop,Heuston Station,Abbey Street Luas,3.088548653652947,2100.0,215.0,2315.0
https://www.daft.ie/for-rent/studio-apartment-lorcan-avenue-beaumont-dublin-9/6211580,"Lorcan Avenue, Beaumont, Dublin 9",2.0,2.0,Studio,BER Exempt,769.0,53.3906009,-6.2380758,4.556,7.067,0.572,3.957,3.987,4.299,4.849,St Anne's Park,Sandymount Strand,Ben Dunne Gym Northside,Aldi Phibsborough,Phibsborough Rd Stop,Connolly Station,Abbey Street Luas,4.770428630510357,384.5,80.0,849.0
https://www.daft.ie/for-rent/apartment-apartment-7-lock-gate-1-gordon-place-dublin-2-the-locks-charlemont-square-dublin-2-charlemont-street-dublin-2/6161134,"Apartment 7, Lock Gate 1, Gordon Place, Dublin 2, The Locks, Charlemont Square, Dublin 2, Charlemont Street, Dublin 2",2.0,2.0,Studio,A2,3750.0,25.2768425,51.5141031,5656.939,5650.188,5657.379,5657.899,5661.468,5661.052,5661.478,St Anne's Park,Killiney Beach,Raw Gyms Sandyford,SuperValu Balally,Leeson St Lwr Stop,Pearse Station,Charlemont Luas,5661.993272381886,1875.0,50.0,3800.0
https://www.daft.ie/for-rent/apartment-rathfarnham-mill-dublin-14/6210080,"Rathfarnham Mill, Dublin 14",2.0,2.0,Apartment,C1,1651.0,53.299248,-6.2874366,4.723,6.095,5.023,2.851,4.263,5.306,3.875,St Stephen's Green,Sandymount Strand,FlyeFit Georges St,Lidl Rathmines,Leeson St Lwr Stop,Heuston Station,Charlemont Luas,5.902984943063956,825.5,140.0,1791.0
https://www.daft.ie/for-rent/apartment-apartment-50-hyde-square-south-circular-road-dublin-8/6217313,"Apartment 50, Hyde Square, South Circular Road, Dublin 8",1.0,1.0,Studio,C2,2000.0,34.6720743,135.2121865,9541.135,9541.12,9541.94,9545.493,9545.527,9545.502,9546.271,St Anne's Park,Dollymount Strand,Ben Dunne Gym Northside,Aldi Phibsborough,Phibsborough Rd Stop,Connolly Station,Abbey Street Luas,9546.184126491478,2000.0,140.0,2140.0
https://www.daft.ie/for-rent/apartment-apt-29-block-e2-smithfield-market-d07-p021-dublin-7/6219530,"Apt. 29, Block E2, Smithfield Market, D07 P021, Dublin 7",1.0,1.0,Studio,C3,1925.0,43.2641987,-81.7978037,5423.966,5432.459,5427.881,5427.359,5427.403,5426.726,5428.581,Phoenix Park,Sandymount Strand,Ben Dunne Gym Northside,Aldi Phibsborough,Phibsborough Rd Stop,Heuston Station,Abbey Street Luas,5428.558564571779,1925.0,140.0,2065.0
https://www.daft.ie/for-rent/apartment-1-bedroom-apartment-easra-court-collins-avenue-killester-dublin-5/6105825,"1 Bedroom Apartment, Easra Court, Collins Avenue, Killester, Dublin 5",1.0,1.0,Apartment,A3,2075.0,48.8754729,2.2958503,773.485,762.163,768.945,769.565,775.154,775.365,774.981,St Anne's Park,Killiney Beach,Raw Gyms Sandyford,SuperValu Balally,Leeson St Lwr Stop,Pearse Station,Charlemont Luas,776.4367917868648,2075.0,50.0,2125.0
https://www.daft.ie/for-rent/apartment-apt-166-block-4-parklands-northwood-d09-f8w8-santry-dublin-9/6142645,"Apt 166, Block 4, Parklands, Northwood, D09 F8W8, Santry, Dublin 9",2.0,2.0,Apartment,C2,2300.0,43.2627851,-81.7959927,5423.954,5432.447,5427.869,5427.347,5427.391,5426.714,5428.569,Phoenix Park,Sandymount Strand,Ben Dunne Gym Northside,Aldi Phibsborough,Phibsborough Rd Stop,Heuston Station,Abbey Street Luas,5428.546622435899,1150.0,140.0,2440.0
https://www.daft.ie/for-rent/house-18-saint-johns-road-dublin-22-clondalkin-dublin-22/6218021,"18 Saint John'S Road, Dublin 22, Clondalkin, Dublin 22",4.0,2.0,House,BER Exempt,3300.0,53.3175043,-6.3968128,6.231,12.436,9.294,8.816,9.444,7.707,9.301,Phoenix Park,Sandymount Strand,FlyeFit Georges St,Lidl Rathmines,Leeson St Lwr Stop,Heuston Station,Charlemont Luas,9.74995398721008,825.0,80.0,3380.0
https://www.daft.ie/for-rent/studio-apartment-redwood-avenue-kilnamanagh-kilnamanagh-dublin-24/6218876,"Redwood Avenue, Kilnamanagh, Dublin 24",1.0,1.0,Studio,C3,1160.0,-38.0504812,145.2716778,17250.502,17249.069,17253.844,17255.784,17256.637,17255.718,17256.684,St Anne's Park,Dollymount Strand,Ben Dunne Gym Northside,Tesco Merrion,O'Connell St Stop,Connolly Station,Abbey Street Luas,17256.613655603436,1160.0,140.0,1300.0
https://www.daft.ie/for-rent/apartment-apartment-17-tara-view-dublin-4/6148894,"Apartment 17, Tara View, Dublin 4",2.0,2.0,Apartment,A2,3225.0,19.0627972,72.8265909,7595.087,7591.144,7597.982,7598.4,7600.684,7599.896,7600.785,St Anne's Park,Killiney Beach,Raw Gyms Sandyford,Tesco Merrion,Leeson St Lwr Stop,Connolly Station,Charlemont Luas,7600.788626381329,1612.5,50.0,3275.0
https://www.daft.ie/for-rent/house--south-avenue-mount-merrion-mount-merrion-co-dublin/6220406,"South Avenue, Mount Merrion, Mount Merrion, Co. Dublin",4.0,1.0,House,C3,4200.0,53.2933756,-6.2106359,5.702,3.983,1.932,1.572,5.376,6.129,5.102,Merrion Square Park,Sandymount Strand,Raw Gyms Sandyford,SuperValu Balally,Leeson St Lwr Stop,Pearse Station,Charlemont Luas,7.08840830422975,1050.0,140.0,4340.0
https://www.daft.ie/for-rent/st-edmunds-st-edmunds-lucan-co-dublin/2315129,St Edmunds St Edmunds Lucan Co Dublin,2.0,2.0,Apartment,B1,2300.0,53.3540157,-6.4078391,5.182,13.382,9.707,9.027,9.048,7.749,9.795,Phoenix Park,Sandymount Strand,FlyeFit Georges St,Aldi Phibsborough,Phibsborough Rd Stop,Heuston Station,Abbey Street Luas,9.803689717074672,1150.0,80.0,2380.0
https://www.daft.ie/for-rent/apartment-apartment-96-adelaide-square-whitefriar-street-dublin-city-centre/6148636,"Apartment 96, Adelaide Square, Whitefriar Street, Dublin City Centre",2.0,2.0,Apartment,C2,2629.0,41.6591251,-73.7237897,5025.133,5033.553,5029.659,5028.72,5028.759,5027.856,5029.812,Phoenix Park,Sandymount Strand,Ben Dunne Gym Northside,Aldi Phibsborough,Phibsborough Rd Stop,Heuston Station,Abbey Street Luas,5029.799158726693,1314.5,140.0,2769.0
https://www.daft.ie/for-rent/apartment-the-chandler-ashtown-dublin-15/6201277,"The Chandler, Ashtown, Dublin 15",2.0,2.0,Apartment,B3,2350.0,53.3760884,-6.3332936,2.157,9.669,5.947,4.354,4.399,4.26,5.687,Phoenix Park,Sandymount Strand,Ben Dunne Gym Northside,Aldi Phibsborough,Phibsborough Rd Stop,Heuston Station,Abbey Street Luas,5.657212449499491,1175.0,80.0,2430.0
https://www.daft.ie/for-rent/apartment-the-lighthouse-dublin-3-east-wall-dublin-3/6218014,"The Lighthouse, Dublin 3, East Wall",2.0,1.0,House,C2,2250.0,55.859656,-4.255458,302.892,303.24,303.072,306.616,306.656,306.86,307.551,St Anne's Park,Dollymount Strand,Ben Dunne Gym Northside,Aldi Phibsborough,Phibsborough Rd Stop,Connolly Station,Abbey Street Luas,307.47456616979485,1125.0,140.0,2390.0
https://www.daft.ie/for-rent/apartment-37-oak-hall-malahide-co-dublin/6189200,"37 Oak Hall, Malahide, Co. Dublin",1.0,1.0,Apartment,C1,2100.0,50.9499905,-0.1281127,492.468,482.043,489.069,489.676,494.864,494.923,494.733,St Anne's Park,Killiney Beach,Raw Gyms Sandyford,SuperValu Balally,Leeson St Lwr Stop,Pearse Station,Charlemont Luas,495.98662703758856,2100.0,140.0,2240.0
https://www.daft.ie/for-rent/apartment-grande-central-rockbrook-carmanhall-road-stillorgan-co-dublin/6196979,"Grande Central, Rockbrook, Carmanhall Road, Stillorgan, Co. Dublin",2.0,2.0,Apartment,C1,2700.0,51.5234673,-0.2593407,450.451,441.0,448.169,448.756,453.512,453.429,453.423,St Anne's Park,Killiney Beach,Raw Gyms Sandyford,SuperValu Balally,Leeson St Lwr Stop,Pearse Station,Charlemont Luas,454.4721450294827,1350.0,140.0,2840.0
https://www.daft.ie/for-rent/house-30-martin-street-dublin-8-portobello-dublin-8/6206444,"30 Martin Street, Dublin 8, Portobello, Dublin 8",2.0,1.0,House,E1,3000.0,53.3304238,-6.2681702,1.054,3.825,1.332,1.102,0.795,2.032,0.672,St Stephen's Green,Sandymount Strand,FlyeFit Georges St,Lidl Rathmines,Leeson St Lwr Stop,Pearse Station,Charlemont Luas,2.216987666528547,1500.0,260.0,3260.0
https://www.daft.ie/for-rent/apartment-north-circular-road-dublin-7-stoneybatter-dublin-7/6218839,"North Circular Road, Dublin 7, Stoneybatter, Dublin 7",1.0,1.0,Studio,BER Exempt,1795.0,53.3586413,-6.2825447,2.755,5.79,2.26,0.744,0.747,1.44,1.807,St Stephen's Green,Sandymount Strand,FlyeFit Georges St,Aldi Phibsborough,Phibsborough Rd Stop,Heuston Station,Abbey Street Luas,1.7737252806960635,1795.0,80.0,1875.0
https://www.daft.ie/for-rent/apartment-north-circular-road-dublin-7-stoneybatter-dublin-7/6218839,"North Circular Road, Dublin 7, Stoneybatter, Dublin 7",1.0,1.0,Studio,BER Exempt,1795.0,53.3586413,-6.2825447,2.755,5.79,2.26,0.744,0.747,1.44,1.807,St Stephen's Green,Sandymount Strand,FlyeFit Georges St,Aldi Phibsborough,Phibsborough Rd Stop,Heuston Station,Abbey Street Luas,1.7737252806960635,1795.0,80.0,1875.0
https://www.daft.ie/for-rent/apartment-donnybrook-gardens-donnybrook-gardens-donnybrook-dublin-4/6193380,"Donnybrook Gardens, Donnybrook Gardens, Donnybrook, Dublin 4",3.0,2.0,Apartment,A2,8995.0,53.319596,-6.240247,2.269,2.24,2.914,1.255,1.86,2.745,1.616,Merrion Square Park,Sandymount Strand,FlyeFit Georges St,Tesco Merrion,Leeson St Lwr Stop,Pearse Station,Charlemont Luas,3.612840660705198,2998.333333333333,50.0,9045.0
https://www.daft.ie/for-rent/house-parklands-terrace-saggart-co-dublin/6212965,"Parklands Terrace, Saggart, Co. Dublin",5.0,4.0,House,A2,4000.0,53.2885096,-6.4347197,10.302,15.563,12.865,11.886,12.802,11.507,12.578,Phoenix Park,Sandymount Strand,FlyeFit Georges St,Lidl Rathmines,Leeson St Lwr Stop,Heuston Station,Charlemont Luas,13.441361391650918,800.0,50.0,4050.0
https://www.daft.ie/for-rent/apartment--kilmainham-square-the-old-chocolate-factory-kilmainham-dublin-8/6219903,"Kilmainham Square, The Old Chocolate Factory, Kilmainham, Dublin 8",2.0,2.0,Apartment,BER Exempt,1829.0,53.3424593,-6.3092048,2.105,6.711,3.068,3.233,3.217,1.263,3.23,Phoenix Park,Sandymount Strand,FlyeFit Georges St,Aldi Phibsborough,Phibsborough Rd Stop,Heuston Station,St Stephen's Green Luas,3.3473979841003807,914.5,80.0,1909.0
https://www.daft.ie/for-rent/apartment-mountjoy-square-west-dublin-1/6213862,"Mountjoy Square West, Dublin 1",1.0,1.0,Studio,BER Exempt,1800.0,53.3555656,-6.2578812,1.902,4.295,1.546,1.168,0.661,0.814,0.74,Merrion Square Park,Sandymount Strand,FlyeFit Georges St,Aldi Phibsborough,O'Connell St Stop,Connolly Station,Abbey Street Luas,0.6608998678442051,1800.0,80.0,1880.0
https://www.daft.ie/for-rent/apartment-kingscourt-smithfield-dublin-7/6204909,"Kingscourt, Smithfield, Dublin 7",1.0,1.0,Studio,D1,1500.0,53.905931,-6.7873513,68.104,74.068,67.589,69.408,69.47,70.23,70.997,Phoenix Park,Dollymount Strand,Ben Dunne Gym Northside,Aldi Phibsborough,Phibsborough Rd Stop,Heuston Station,Abbey Street Luas,70.93568663843908,1500.0,215.0,1715.0
https://www.daft.ie/for-rent/apartment-the-penthouse-the-willows-claremont-road-sandymount-dublin-4/6202903,"The Penthouse, The Willows, Claremont Road, Sandymount, Dublin 4",3.0,2.0,House,B3,4600.0,49.2784952,-123.1227763,7157.366,7164.822,7158.162,7159.431,7159.49,7159.844,7160.994,Phoenix Park,Sandymount Strand,Ben Dunne Gym Northside,Aldi Phibsborough,Phibsborough Rd Stop,Heuston Station,Abbey Street Luas,7160.933017564606,1533.3333333333333,80.0,4680.0
https://www.daft.ie/for-rent/studio-apartment-huntstown-dublin-15-clonsilla-dublin-15/6130380,"Huntstown dublin 15, Clonsilla, Dublin 15",1.0,1.0,Studio,C2,1100.0,53.4017502,-6.408387,7.217,15.405,10.82,10.069,10.117,9.855,11.424,Phoenix Park,Sandymount Strand,Ben Dunne Gym Northside,Aldi Phibsborough,Phibsborough Rd Stop,Heuston Station,Abbey Street Luas,11.395920604412971,1100.0,140.0,1240.0
https://www.daft.ie/for-rent/apartment-fortunes-walk-citywest-co-dublin/6218456,"Fortunes Walk, Citywest, Co. Dublin",2.0,2.0,Apartment,C2,2300.0,51.5472845,-0.0087775,464.344,455.122,462.311,462.893,467.548,467.434,467.468,St Anne's Park,Killiney Beach,Raw Gyms Sandyford,SuperValu Balally,Leeson St Lwr Stop,Pearse Station,Charlemont Luas,468.47110380755385,1150.0,140.0,2440.0
https://www.daft.ie/for-rent/house-1-the-park-grange-manor-lucan-co-dublin/6214950,"1 The Park, Grange Manor, Lucan, Co. Dublin",4.0,3.0,House,BER Exempt,3000.0,50.7848779,-1.9542124,407.364,395.3,401.786,402.412,408.301,408.65,408.091,St Anne's Park,Killiney Beach,Raw Gyms Sandyford,SuperValu Balally,Leeson St Lwr Stop,Pearse Station,Charlemont Luas,409.7193548528939,750.0,80.0,3080.0
https://www.daft.ie/for-rent/apartment-flat-4-161-jamess-street-dublin-8/6143920,"Flat 4, 161 James's Street, Dublin 8",1.0,1.0,Studio,BER Exempt,1930.0,51.5832616,-0.0122512,462.247,453.1,460.295,460.875,465.496,465.372,465.419,St Anne's Park,Killiney Beach,Raw Gyms Sandyford,SuperValu Balally,Leeson St Lwr Stop,Pearse Station,Charlemont Luas,466.4071218204735,1930.0,80.0,2010.0
https://www.daft.ie/for-rent/house-kilmainham-kilmainham-dublin-8/6092569,"Adelaide Terrace, Kilmainham, Dublin 8",2.0,1.0,House,C3,2485.0,42.3179782,-71.1098629,4810.506,4818.905,4815.115,4814.116,4814.154,4813.22,4815.188,Phoenix Park,Sandymount Strand,Ben Dunne Gym Northside,Aldi Phibsborough,Phibsborough Rd Stop,Heuston Station,Abbey Street Luas,4815.1773150067975,1242.5,140.0,2625.0
https://www.daft.ie/for-rent/apartment-11-the-strand-north-strand-road-north-strand-dublin-3/6211916,"11 The Strand, North Strand Road, North Strand, Dublin 3",2.0,2.0,Apartment,C2,2250.0,-33.8200594,151.1331473,17200.212,17199.4,17202.472,17205.824,17205.841,17205.236,17206.148,St Anne's Park,Dollymount Strand,Ben Dunne Gym Northside,Aldi Phibsborough,Phibsborough Rd Stop,Connolly Station,Abbey Street Luas,17206.062572249415,1125.0,140.0,2390.0
https://www.daft.ie/for-rent/house-24a-auburn-road-glenageary-co-dublin/6180454,"24A Auburn Road, Glenageary, Co. Dublin",3.0,1.0,House,B1,3000.0,33.5319786,-117.162433,8290.246,8298.453,8292.574,8293.022,8293.076,8292.944,8294.473,Phoenix Park,Sandymount Strand,Ben Dunne Gym Northside,Aldi Phibsborough,Phibsborough Rd Stop,Heuston Station,Abbey Street Luas,8294.425919906453,1000.0,80.0,3080.0
https://www.daft.ie/for-rent/apartment-ashurst-mount-merrion-avenue-blackrock-co-dublin-stillorgan-co-dublin/6132337,"Ashurst,Mount Merrion Avenue,Blackrock,Co. Dublin, Stillorgan, Co. Dublin",2.0,2.0,Apartment,D1,2990.0,50.8952926,-1.5197189,420.445,408.871,415.575,416.198,421.879,422.132,421.695,St Anne's Park,Killiney Beach,Raw Gyms Sandyford,SuperValu Balally,Leeson St Lwr Stop,Pearse Station,Charlemont Luas,423.20515164822746,1495.0,215.0,3205.0
https://www.daft.ie/for-rent/apartment-one-bedroom-one-lime-street-docklands-dublin-2/4636155,"One Bedroom, One Lime Street, Docklands, Dublin 2",1.0,1.0,Apartment,A3,2550.0,34.4277396,-119.8868352,8352.395,8360.5,8354.456,8355.054,8355.109,8355.064,8356.531,Phoenix Park,Sandymount Strand,Ben Dunne Gym Northside,Aldi Phibsborough,Phibsborough Rd Stop,Heuston Station,Abbey Street Luas,8356.4810415621,2550.0,50.0,2600.0
https://www.daft.ie/for-rent/apartment-82-shrewsbury-ballsbridge-dublin-4/6202603,"82 Shrewsbury, Ballsbridge, Dublin 4",2.0,1.0,Apartment,C1,2900.0,53.3257366,-6.2199118,2.431,0.729,3.385,0.602,2.592,2.727,2.575,Merrion Square Park,Sandymount Strand,FlyeFit Georges St,Tesco Merrion,Leeson St Lwr Stop,Pearse Station,Charlemont Luas,3.788161411814362,1450.0,140.0,3040.0
https://www.daft.ie/for-rent/house-bath-street-irishtown-irishtown-dublin-4/6212848,"Bath Street, Irishtown, Dublin 4",3.0,2.0,House,D2,2930.0,53.3385798,-6.2217268,1.78,1.278,2.766,2.022,2.423,1.81,2.607,Merrion Square Park,Sandymount Strand,FlyeFit Georges St,Tesco Merrion,Leeson St Lwr Stop,Pearse Station,St Stephen's Green Luas,2.8484194503066416,976.6666666666666,215.0,3145.0
https://www.daft.ie/for-rent/house-8-benbulbin-avenue-dublin-12-drimnagh-dublin-12/6206607,"8 Benbulbin Avenue, Dublin 12, Drimnagh, Dublin 12",2.0,1.0,House,C3,2200.0,53.3312827,-6.311755,3.082,6.721,3.45,3.366,3.641,2.188,3.464,Phoenix Park,Sandymount Strand,FlyeFit Georges St,Lidl Rathmines,Leeson St Lwr Stop,Heuston Station,St Stephen's Green Luas,3.988639954307136,1100.0,140.0,2340.0
https://www.daft.ie/for-rent/apartment-carrington-santry-dublin-9/6201487,"Carrington, Santry, Dublin 9",2.0,2.0,Apartment,B3,2295.0,53.4029426,-6.2509002,5.981,8.616,1.523,4.824,4.869,5.637,6.021,St Anne's Park,Dollymount Strand,Ben Dunne Gym Northside,Aldi Phibsborough,Phibsborough Rd Stop,Connolly Station,Abbey Street Luas,5.941993083587623,1147.5,80.0,2375.0
https://www.daft.ie/for-rent/apartment-carrington-santry-dublin-9/6201487,"Carrington, Santry, Dublin 9",2.0,2.0,Apartment,B3,2295.0,53.4029426,-6.2509002,5.981,8.616,1.523,4.824,4.869,5.637,6.021,St Anne's Park,Dollymount Strand,Ben Dunne Gym Northside,Aldi Phibsborough,Phibsborough Rd Stop,Connolly Station,Abbey Street Luas,5.941993083587623,1147.5,80.0,2375.0
https://www.daft.ie/for-rent/apartment-victoria-street-portobello-dublin-8/5584673,"Victoria Street, Portobello, Dublin 8",1.0,1.0,Studio,B3,1000.0,53.3317731,-6.270108,1.022,3.962,1.231,1.282,0.881,2.018,0.834,St Stephen's Green,Sandymount Strand,FlyeFit Georges St,Lidl Rathmines,Leeson St Lwr Stop,Pearse Station,Charlemont Luas,2.107608188493133,1000.0,80.0,1080.0
https://www.daft.ie/for-rent/house-beechwood-court-stillorgan-co-dublin/6206743,"Beechwood Court, Stillorgan, Co. Dublin",4.0,2.0,House,C1,3515.0,53.2834075,-6.1888789,7.379,5.292,1.686,1.962,7.134,7.772,6.882,Merrion Square Park,Sandymount Strand,Raw Gyms Sandyford,SuperValu Balally,Leeson St Lwr Stop,Pearse Station,Charlemont Luas,8.775519166997121,878.75,140.0,3655.0
https://www.daft.ie/for-rent/apartment-2-bedroom-apartment-spencer-place-spencer-place-dublin-1/5629690,"2 Bedroom Apartment, Spencer Place, Spencer Place, Dublin 1",2.0,1.0,Apartment,A3,3100.0,44.9951619,-83.8715598,5429.09,5437.577,5432.718,5432.382,5432.429,5431.854,5433.656,Phoenix Park,Sandymount Strand,Ben Dunne Gym Northside,Aldi Phibsborough,Phibsborough Rd Stop,Heuston Station,Abbey Street Luas,5433.629837921387,1550.0,50.0,3150.0
https://www.daft.ie/for-rent/apartment-apartment-51-westend-village-blanchardstown-dublin-15/6218987,"Apartment 51, Westend Village, Blanchardstown, Dublin 15",2.0,1.0,Apartment,D1,2100.0,34.6716534,135.2122387,9541.18,9541.165,9541.985,9545.539,9545.573,9545.547,9546.316,St Anne's Park,Dollymount Strand,Ben Dunne Gym Northside,Aldi Phibsborough,Phibsborough Rd Stop,Connolly Station,Abbey Street Luas,9546.229334218311,1050.0,215.0,2315.0
https://www.daft.ie/for-rent/apartment-palmerstown-park-palmerstown/6207005,"Palmerstown Park, Palmerstown, Dublin 20",1.0,1.0,Studio,,1333.0,53.3513013,-6.3800435,3.384,11.515,7.838,7.233,7.251,5.884,7.938,Phoenix Park,Sandymount Strand,FlyeFit Georges St,Aldi Phibsborough,Phibsborough Rd Stop,Heuston Station,Abbey Street Luas,7.949631144233215,1333.0,,
https://www.daft.ie/for-rent/apartment-the-oaks-stradbrook-hill-blackrock-co-dublin/6143486,"The Oaks, Stradbrook Hill, Blackrock, Co. Dublin",1.0,1.0,Studio,C3,1763.0,53.2854423,-6.161667,8.323,4.763,3.444,3.782,8.251,8.647,8.064,Merrion Square Park,Killiney Beach,Raw Gyms Sandyford,SuperValu Balally,Leeson St Lwr Stop,Pearse Station,Charlemont Luas,9.702432992102628,1763.0,140.0,1903.0
https://www.daft.ie/for-rent/apartment-1-lanesborough-castle-lanesborough-gardens-finglas-dublin-11/6218073,"1 Lanesborough Castle, Lanesborough Gardens, Finglas, Dublin 11",2.0,1.0,Apartment,BER Exempt,1800.0,53.406438,-6.29613,5.957,10.294,3.791,5.239,5.3,6.627,6.8,Phoenix Park,Sandymount Strand,Ben Dunne Gym Northside,Aldi Phibsborough,Phibsborough Rd Stop,Heuston Station,Abbey Street Luas,6.73138006375035,900.0,80.0,1880.0
https://www.daft.ie/for-rent/apartment-1-bed-apartment-no-7-adelaide-adelaide-road-dublin-2/6094055,"1 Bed Apartment, No.7 Adelaide, Adelaide Road, Dublin 2",1.0,1.0,Studio,A3,2200.0,9.7887925,126.1599534,11680.025,11679.196,11682.321,11685.662,11685.679,11685.06,11685.974,St Anne's Park,Dollymount Strand,Ben Dunne Gym Northside,Aldi Phibsborough,Phibsborough Rd Stop,Connolly Station,Abbey Street Luas,11685.896567275577,2200.0,50.0,2250.0
https://www.daft.ie/for-rent/apartment-2-bedroom-apartment-scholarstown-wood-scholarstown-road-rathfarnham-dublin-16/6046077,"2 Bedroom Apartment, Scholarstown Wood, Scholarstown Road, Rathfarnham, Dublin 16",2.0,2.0,Apartment,A3,2542.0,44.9951619,-83.8715598,5429.09,5437.577,5432.718,5432.382,5432.429,5431.854,5433.656,Phoenix Park,Sandymount Strand,Ben Dunne Gym Northside,Aldi Phibsborough,Phibsborough Rd Stop,Heuston Station,Abbey Street Luas,5433.629837921387,1271.0,50.0,2592.0
https://www.daft.ie/for-rent/apartment-castleway-golden-lane-dublin-8/6202116,"Castleway, Golden Lane, Dublin 8",2.0,2.0,Apartment,B2,3680.0,53.4354311,-6.1653941,7.001,8.453,7.415,10.859,10.884,10.708,11.486,St Anne's Park,Dollymount Strand,Ben Dunne Gym Northside,Aldi Phibsborough,Phibsborough Rd Stop,Connolly Station,Abbey Street Luas,11.413434130428556,1840.0,80.0,3760.0
https://www.daft.ie/for-rent/studio-apartment-flat-4-269-saint-michaels-villas-sarsfield-road-ballyfermot-dublin-10/6199515,"Flat 4, 269 Saint Michael'S Villas, Sarsfield Road, Ballyfermot, Dublin 10",1.0,1.0,Studio,BER Exempt,1300.0,51.5832616,-0.0122512,462.247,453.1,460.295,460.875,465.496,465.372,465.419,St Anne's Park,Killiney Beach,Raw Gyms Sandyford,SuperValu Balally,Leeson St Lwr Stop,Pearse Station,Charlemont Luas,466.4071218204735,1300.0,80.0,1380.0
https://www.daft.ie/for-rent/apartment-apartment-10-swift-hall-collegewood-castleknock-dublin-15/6220077,"Apartment 10, Swift Hall, Collegewood, Castleknock, Dublin 15",2.0,1.0,Apartment,BER Exempt,2116.0,1.0029595,104.6476339,11277.478,11275.72,11281.362,11282.098,11283.571,11282.639,11283.607,St Anne's Park,Dollymount Strand,Ben Dunne Gym Northside,Tesco Merrion,O'Connell St Stop,Connolly Station,Abbey Street Luas,11283.555519067228,1058.0,80.0,2196.0
https://www.daft.ie/for-rent/property-apartment-20-capstan-building-royal-canal-park-co-dublin/6072326,"Apartment 15 , Capstan Building, Royal Canal Park, Dublin 15",1.0,1.0,Apartment,BER Exempt,1893.0,41.5197565,-73.94657,5049.285,5057.705,5053.811,5052.872,5052.911,5052.008,5053.964,Phoenix Park,Sandymount Strand,Ben Dunne Gym Northside,Aldi Phibsborough,Phibsborough Rd Stop,Heuston Station,Abbey Street Luas,5053.951160694263,1893.0,80.0,1973.0
https://www.daft.ie/for-rent/house-park-court-castleknock/6219462,Park Court,2.0,1.0,House,D1,2346.0,18.3881234,-66.0437347,6382.881,6389.876,6386.819,6386.197,6386.727,6385.092,6386.806,Phoenix Park,Sandymount Strand,FlyeFit Georges St,Lidl Rathmines,Phibsborough Rd Stop,Heuston Station,Charlemont Luas,6387.185448325836,1173.0,215.0,2561.0
https://www.daft.ie/for-rent/studio-apartment--grove-park-rathmines-dublin-6/6217945,"Grove Park, Rathmines, Dublin 6",2.0,1.0,Studio,BER Exempt,1700.0,53.3291709,-6.2674421,1.147,3.775,1.457,0.955,0.814,2.106,0.614,St Stephen's Green,Sandymount Strand,FlyeFit Georges St,Lidl Rathmines,Leeson St Lwr Stop,Pearse Station,Charlemont Luas,2.342348134869355,850.0,80.0,1780.0
https://www.daft.ie/for-rent/studio-apartment--grove-park-rathmines-dublin-6/6217945,"Grove Park, Rathmines, Dublin 6",2.0,1.0,Studio,BER Exempt,1700.0,53.3291709,-6.2674421,1.147,3.775,1.457,0.955,0.814,2.106,0.614,St Stephen's Green,Sandymount Strand,FlyeFit Georges St,Lidl Rathmines,Leeson St Lwr Stop,Pearse Station,Charlemont Luas,2.342348134869355,850.0,80.0,1780.0
https://www.daft.ie/for-rent/studio-apartment--grove-park-rathmines-dublin-6/6217945,"Grove Park, Rathmines, Dublin 6",2.0,1.0,Studio,BER Exempt,1700.0,53.3291709,-6.2674421,1.147,3.775,1.457,0.955,0.814,2.106,0.614,St Stephen's Green,Sandymount Strand,FlyeFit Georges St,Lidl Rathmines,Leeson St Lwr Stop,Pearse Station,Charlemont Luas,2.342348134869355,850.0,80.0,1780.0
https://www.daft.ie/for-rent/studio-apartment--grove-park-rathmines-dublin-6/6217945,"Grove Park, Rathmines, Dublin 6",2.0,1.0,Studio,BER Exempt,1700.0,53.3291709,-6.2674421,1.147,3.775,1.457,0.955,0.814,2.106,0.614,St Stephen's Green,Sandymount Strand,FlyeFit Georges St,Lidl Rathmines,Leeson St Lwr Stop,Pearse Station,Charlemont Luas,2.342348134869355,850.0,80.0,1780.0
https://www.daft.ie/for-rent/studio-apartment--grove-park-rathmines-dublin-6/6217945,"Grove Park, Rathmines, Dublin 6",2.0,1.0,Studio,BER Exempt,1700.0,53.3291709,-6.2674421,1.147,3.775,1.457,0.955,0.814,2.106,0.614,St Stephen's Green,Sandymount Strand,FlyeFit Georges St,Lidl Rathmines,Leeson St Lwr Stop,Pearse Station,Charlemont Luas,2.342348134869355,850.0,80.0,1780.0
https://www.daft.ie/for-rent/apartment-two-bedroom-apartment-whitehaven-northwood-santry-northwood-avenue-santry-dublin-9/6184338,"Two bedroom apartment , Whitehaven, Northwood, Santry, Northwood Avenue, Santry, Dublin 9",2.0,1.0,Apartment,A1,1697.0,44.8276224,11.6271778,1599.859,1589.611,1596.657,1597.262,1602.395,1602.43,1602.271,St Anne's Park,Killiney Beach,Raw Gyms Sandyford,SuperValu Balally,Leeson St Lwr Stop,Pearse Station,Charlemont Luas,1603.4889895175183,848.5,50.0,1747.0
https://www.daft.ie/for-rent/house-apartment-1-142-leeson-street-upper-ranelagh-dublin-6/6206594,"Apartment 1, 142 Leeson Street Upper, Dublin 4",1.0,1.0,House,BER Exempt,1790.0,51.465001,-0.2598231,453.657,444.083,451.239,451.828,456.639,456.573,456.544,St Anne's Park,Killiney Beach,Raw Gyms Sandyford,SuperValu Balally,Leeson St Lwr Stop,Pearse Station,Charlemont Luas,457.6189968347944,1790.0,80.0,1870.0
https://www.daft.ie/for-rent/house-apartment-1-142-leeson-street-upper-ranelagh-dublin-6/6206594,"Apartment 1, 142 Leeson Street Upper, Dublin 4",1.0,1.0,House,BER Exempt,1790.0,51.465001,-0.2598231,453.657,444.083,451.239,451.828,456.639,456.573,456.544,St Anne's Park,Killiney Beach,Raw Gyms Sandyford,SuperValu Balally,Leeson St Lwr Stop,Pearse Station,Charlemont Luas,457.6189968347944,1790.0,80.0,1870.0
https://www.daft.ie/for-rent/studio-apartment-tonlegee-road-ard-na-greine-dublin-13/6217238,"Tonlegee Road, Ard Na Greine, Dublin 13",1.0,1.0,Studio,BER Exempt,1800.0,53.3912911,-6.1729409,2.067,3.973,4.882,7.382,7.384,6.548,7.467,St Anne's Park,Dollymount Strand,Ben Dunne Gym Northside,Aldi Phibsborough,Phibsborough Rd Stop,Connolly Station,Abbey Street Luas,7.407771889691421,1800.0,80.0,1880.0
https://www.daft.ie/for-rent/studio-apartment-pembroke-road-ballsbridge-dublin-4/6216490,"Pembroke Road, Ballsbridge, Dublin 4",2.0,1.0,Studio,BER Exempt,1200.0,53.328366,-6.230148,1.729,1.301,2.656,1.059,1.856,2.076,1.866,Merrion Square Park,Sandymount Strand,FlyeFit Georges St,Tesco Merrion,Leeson St Lwr Stop,Pearse Station,Charlemont Luas,3.112520373329266,600.0,80.0,1280.0
https://www.daft.ie/for-rent/apartment-botanic-hall-glasnevin-dublin-11/6217634,"Botanic Hall, Glasnevin, Dublin 11",2.0,2.0,Apartment,B2,2400.0,53.3770488,-6.2772891,4.154,6.921,2.467,1.759,1.819,3.412,3.301,Phoenix Park,Sandymount Strand,Ben Dunne Gym Northside,Aldi Phibsborough,Phibsborough Rd Stop,Connolly Station,Abbey Street Luas,3.232841595500758,1200.0,80.0,2480.0
https://www.daft.ie/for-rent/studio-apartment-flat-15-34-elgin-road-ballsbridge-ballsbridge-dublin-4/6196180,"Flat 15, 34 Elgin Road, Ballsbridge, Ballsbridge, Dublin 4",1.0,1.0,Studio,BER Exempt,1900.0,50.858084,-0.0850481,500.907,490.367,497.368,497.977,503.216,503.294,503.081,St Anne's Park,Killiney Beach,Raw Gyms Sandyford,SuperValu Balally,Leeson St Lwr Stop,Pearse Station,Charlemont Luas,504.3589349552528,1900.0,80.0,1980.0
https://www.daft.ie/for-rent/house-collinswood-collins-avenue-dublin-9-collinswood-dublin-9/6219013,"Collinswood,Collins Avenue,Dublin 9, Collinswood, Dublin 9",2.0,2.0,House,B2,2400.0,-34.8872868,138.6122364,16589.072,16587.492,16592.661,16594.078,16595.207,16594.279,16595.249,St Anne's Park,Dollymount Strand,Ben Dunne Gym Northside,Tesco Merrion,O'Connell St Stop,Connolly Station,Abbey Street Luas,16595.18394432282,1200.0,80.0,2480.0
https://www.daft.ie/for-rent/house-45-grace-park-road-drumcondra-drumcondra-dublin-3/6214184,"45 Grace Park Road, Drumcondra, Dublin 3",3.0,1.0,House,C1,2196.0,53.3689876,-6.2489434,3.29,5.104,2.287,1.765,1.769,1.861,2.341,Merrion Square Park,Sandymount Strand,Ben Dunne Gym Northside,Aldi Phibsborough,Phibsborough Rd Stop,Connolly Station,Abbey Street Luas,2.262752928378159,732.0,140.0,2336.0
https://www.daft.ie/for-rent/apartment-apt-1-cherry-orchard-apartments-ballyfermot-dublin-10/6169164,"Apt 1 Cherry Orchard Apartments , Ballyfermot, Dublin 10",2.0,1.0,Apartment,BER Exempt,1695.0,39.3973935,-123.3591348,8068.592,8076.429,8070.063,8070.982,8071.04,8071.183,8072.507,Phoenix Park,Sandymount Strand,Ben Dunne Gym Northside,Aldi Phibsborough,Phibsborough Rd Stop,Heuston Station,Abbey Street Luas,8072.451554445119,847.5,80.0,1775.0
https://www.daft.ie/for-rent/apartment-apartment-3-66-rathmines-road-upper-rathgar-dublin-6/6135420,"Apartment 3, 66 Rathmines Road Upper, Rathgar, Dublin 6",2.0,1.0,Apartment,BER Exempt,2100.0,51.4619187,-0.2170866,456.389,446.84,453.999,454.588,459.387,459.318,459.294,St Anne's Park,Killiney Beach,Raw Gyms Sandyford,SuperValu Balally,Leeson St Lwr Stop,Pearse Station,Charlemont Luas,460.363662071596,1050.0,80.0,2180.0
https://www.daft.ie/for-rent/apartment-1-bedroom-apartment-u-clonsilla-windmill-lodge-dublin-15/4626708,"1 bedroom apartment, U Clonsilla, Windmill Lodge, Dublin 15",1.0,1.0,Apartment,A2,1940.0,48.8754729,2.2958503,773.485,762.163,768.945,769.565,775.154,775.365,774.981,St Anne's Park,Killiney Beach,Raw Gyms Sandyford,SuperValu Balally,Leeson St Lwr Stop,Pearse Station,Charlemont Luas,776.4367917868648,1940.0,50.0,1990.0
https://www.daft.ie/for-rent/apartment-apartment-shrewsbury-square-ballsbridge-dublin-4/6214711,"Apartment, Shrewsbury Square, Ballsbridge, Dublin 4",2.0,2.0,Apartment,B3,3045.0,4.3922365,18.5418791,5892.703,5880.071,5885.392,5885.998,5892.393,5893.095,5892.093,Merrion Square Park,Killiney Beach,Raw Gyms Sandyford,SuperValu Balally,Leeson St Lwr Stop,Pearse Station,Charlemont Luas,5894.090702787858,1522.5,80.0,3125.0
https://www.daft.ie/for-rent/house-merrion-strand-dublin-4-sandymount-dublin-4/6192860,"Merrion Strand, Dublin 4, Sandymount, Dublin 4",2.0,1.0,House,C2,2074.0,53.3166435,-6.2042796,3.876,1.458,4.541,1.211,3.946,4.174,3.852,Merrion Square Park,Sandymount Strand,Raw Gyms Sandyford,Tesco Merrion,Leeson St Lwr Stop,Pearse Station,Charlemont Luas,5.237347767572281,1037.0,140.0,2214.0
https://www.daft.ie/for-rent/flat-harolds-cross-road-dublin-6w-harolds-cross-dublin-6w/6163481,"Harold's Cross Road, Dublin 6w, Harold's Cross, Dublin 6W",1.0,1.0,Studio,BER Exempt,1847.0,53.3224214,-6.2793525,2.211,4.628,2.433,1.022,1.894,2.843,1.605,St Stephen's Green,Sandymount Strand,FlyeFit Georges St,Lidl Rathmines,Leeson St Lwr Stop,Heuston Station,Charlemont Luas,3.296728514166072,1847.0,80.0,1927.0
https://www.daft.ie/for-rent/apartment-abberley-square-tallaght-dublin-24/6201767,"Abberley Square, Tallaght, Dublin 24",2.0,1.0,Apartment,C3,1731.0,53.2878619,-6.3669877,8.052,11.362,9.163,7.75,8.865,8.253,8.578,Phoenix Park,Sandymount Strand,FlyeFit Georges St,Lidl Rathmines,Leeson St Lwr Stop,Heuston Station,Charlemont Luas,9.881959227446568,865.5,140.0,1871.0
https://www.daft.ie/for-rent/apartment-swords-co-dublin-kinsealy-co-dublin/6209913,"Swords,Co. Dublin, Kinsealy, Co. Dublin",2.0,1.0,Apartment,C3,2350.0,53.4323052,-6.1986858,6.783,8.805,5.718,9.267,9.3,9.453,10.119,St Anne's Park,Dollymount Strand,Ben Dunne Gym Northside,Aldi Phibsborough,Phibsborough Rd Stop,Connolly Station,Abbey Street Luas,10.042817574317851,1175.0,140.0,2490.0
https://www.daft.ie/for-rent/studio-apartment-grosvenor-house-north-circular-rd-park-end-dublin-7/6207498,"Grosvenor House, North Circular Rd (Park End), Dublin 7",1.0,1.0,House,BER Exempt,954.0,51.4234308,-0.216429,458.588,448.96,456.11,456.701,461.536,461.478,461.439,St Anne's Park,Killiney Beach,Raw Gyms Sandyford,SuperValu Balally,Leeson St Lwr Stop,Pearse Station,Charlemont Luas,462.5248010216959,954.0,80.0,1034.0
https://www.daft.ie/for-rent/house-8-peyton-view-rathcoole-rathcoole-co-dublin/6217309,"8 Peyton View, Rathcoole, Rathcoole, Co. Dublin",4.0,4.0,House,A1,3000.0,38.2447821,-82.2024049,5819.001,5827.458,5823.333,5822.53,5822.57,5821.741,5823.666,Phoenix Park,Sandymount Strand,Ben Dunne Gym Northside,Aldi Phibsborough,Phibsborough Rd Stop,Heuston Station,Abbey Street Luas,5823.649491540321,750.0,50.0,3050.0
https://www.daft.ie/for-rent/apartment-1-bedroom-alta-verde-cross-avenue-blackrock-co-dublin/6117168,"1 Bedroom , Alta Verde, Cross Avenue, Blackrock, Co. Dublin",1.0,1.0,Apartment,A2,2395.0,42.6723896,27.7117573,2752.767,2745.645,2752.857,2753.387,2757.122,2756.749,2757.12,St Anne's Park,Killiney Beach,Raw Gyms Sandyford,SuperValu Balally,Leeson St Lwr Stop,Pearse Station,Charlemont Luas,2757.709393536973,2395.0,50.0,2445.0
https://www.daft.ie/for-rent/apartment--francis-st-dublin-8/6210172,"Francis St, Dublin 8",1.0,1.0,Studio,BER Exempt,1946.0,53.3424707,-6.2756299,1.196,4.563,0.84,2.127,1.304,1.175,1.067,St Stephen's Green,Sandymount Strand,FlyeFit Georges St,Aldi Phibsborough,O'Connell St Stop,Heuston Station,St Stephen's Green Luas,1.303738765141736,1946.0,80.0,2026.0
https://www.daft.ie/for-rent/apartment-apartment-17-orpen-hall-brennanstown-wood-dublin-18/6207556,"Apartment 17, Orpen Hall, Brennanstown Wood, Dublin 18",2.0,2.0,Apartment,A2,2900.0,19.0627972,72.8265909,7595.087,7591.144,7597.982,7598.4,7600.684,7599.896,7600.785,St Anne's Park,Killiney Beach,Raw Gyms Sandyford,Tesco Merrion,Leeson St Lwr Stop,Connolly Station,Charlemont Luas,7600.788626381329,1450.0,50.0,2950.0
https://www.daft.ie/for-rent/house-dorney-court-shankill-dublin-18/6204114,"Dorney Court, Shankill, Dublin 18",4.0,2.0,House,C2,3400.0,53.2323974,-6.1214059,14.593,3.038,7.683,8.308,14.366,14.966,14.109,Merrion Square Park,Killiney Beach,Raw Gyms Sandyford,SuperValu Balally,Leeson St Lwr Stop,Pearse Station,Charlemont Luas,15.989011542306322,850.0,140.0,3540.0
https://www.daft.ie/for-rent/apartment-2-bedroom-apartment-bracken-hill-ballinteer-dublin-16/6217523,"2 Bedroom Apartment, Bracken Hill, Ballinteer, Dublin 16",2.0,2.0,Apartment,B3,2630.0,44.9951619,-83.8715598,5429.09,5437.577,5432.718,5432.382,5432.429,5431.854,5433.656,Phoenix Park,Sandymount Strand,Ben Dunne Gym Northside,Aldi Phibsborough,Phibsborough Rd Stop,Heuston Station,Abbey Street Luas,5433.629837921387,1315.0,80.0,2710.0
https://www.daft.ie/for-rent/apartment-30-main-street-chapelizod-dublin-20/6200569,"30 Main Street, Chapelizod, Dublin 20",3.0,1.0,Apartment,BER Exempt,2650.0,53.3496273,-6.3443507,1.247,9.166,5.466,4.954,4.965,3.508,5.566,Phoenix Park,Sandymount Strand,FlyeFit Georges St,Aldi Phibsborough,Phibsborough Rd Stop,Heuston Station,Abbey Street Luas,5.578940296886517,883.3333333333334,80.0,2730.0
https://www.daft.ie/for-rent/apartment-saint-pappin-road-glasnevin-glasnevin-dublin-11/6208637,"Saint Pappin Road, Glasnevin, Glasnevin, Dublin 11",2.0,1.0,Apartment,BER Exempt,2560.0,53.386114,-6.268046,5.241,7.388,1.478,2.752,2.805,4.013,4.146,Phoenix Park,Sandymount Strand,Ben Dunne Gym Northside,Aldi Phibsborough,Phibsborough Rd Stop,Connolly Station,Abbey Street Luas,4.070505846425453,1280.0,80.0,2640.0
https://www.daft.ie/for-rent/apartment-37-herberton-park-dublin-8-rialto-dublin-8/6147280,"Herberton Park, Dublin 8, Rialto, Dublin 8",1.0,1.0,Studio,BER Exempt,1675.0,53.3354931,-6.298023,2.602,5.847,2.435,2.778,2.738,1.336,2.481,St Stephen's Green,Sandymount Strand,FlyeFit Georges St,Lidl Rathmines,Leeson St Lwr Stop,Heuston Station,St Stephen's Green Luas,2.9668717225407955,1675.0,80.0,1755.0
https://www.daft.ie/for-rent/apartment-1-bedroom-apartment-the-oslo-sandyford-central-sandyford-dublin-18/5426428,"1 Bedroom Apartment , The Oslo, Sandyford Central , Sandyford, Dublin 18",1.0,1.0,Apartment,A3,2120.0,48.8754729,2.2958503,773.485,762.163,768.945,769.565,775.154,775.365,774.981,St Anne's Park,Killiney Beach,Raw Gyms Sandyford,SuperValu Balally,Leeson St Lwr Stop,Pearse Station,Charlemont Luas,776.4367917868648,2120.0,50.0,2170.0
https://www.daft.ie/for-rent/apartment-bushy-park-house-templeogue-road-terenure-dublin-6w/6210119,"Bushy Park House, Templeogue Road, Terenure, Dublin 6W",3.0,2.0,House,B3,4200.0,53.3000794,-6.2940904,4.834,6.422,5.098,3.042,4.413,5.209,4.039,St Stephen's Green,Sandymount Strand,FlyeFit Georges St,Lidl Rathmines,Leeson St Lwr Stop,Heuston Station,Charlemont Luas,5.966785466575885,1400.0,80.0,4280.0
https://www.daft.ie/for-rent/studio-apartment-serviced-studio-apartments-niche-living-serviced-studio-apartments-ardee-road-rathmines-dublin-6/5705486,"Serviced Studio Apartments, Niche Living, Serviced Studio Apartments, Ardee Road, Rathmines, Dublin 6",1.0,1.0,Studio,A3,1990.0,-27.9171289,153.4031743,16727.528,16727.159,16728.986,16732.492,16732.519,16732.237,16733.078,St Anne's Park,Dollymount Strand,Ben Dunne Gym Northside,Aldi Phibsborough,Phibsborough Rd Stop,Connolly Station,Abbey Street Luas,16732.98605386548,1990.0,50.0,2040.0
https://www.daft.ie/for-rent/apartment-65-morehampton-square-donnybrook-dublin-4/6192230,"65 Morehampton Square, Donnybrook, Dublin 4",2.0,1.0,Apartment,D1,3000.0,53.3270826,-6.2440589,1.401,2.234,2.082,1.509,1.082,1.884,0.974,Merrion Square Park,Sandymount Strand,FlyeFit Georges St,Lidl Rathmines,Leeson St Lwr Stop,Pearse Station,Charlemont Luas,2.7465796715303474,1500.0,215.0,3215.0
https://www.daft.ie/for-rent/apartment-3-bed-apartment-castle-view-muirfield-drive-dublin-12-bluebell-dublin-12/4272064,"3 bed apartment , Castle View, Muirfield Drive, Dublin 12, Bluebell, Dublin 12",3.0,2.0,Apartment,A1,3350.0,27.6811746,85.3067671,7667.154,7665.428,7670.988,7671.848,7673.258,7672.327,7673.295,St Anne's Park,Dollymount Strand,Ben Dunne Gym Northside,Tesco Merrion,O'Connell St Stop,Connolly Station,Abbey Street Luas,7673.247552240383,1116.6666666666667,50.0,3400.0
https://www.daft.ie/for-rent/apartment-apartment-182-block-d-castleforbes-square-dubli-ifsc-dublin-1/6215314,"Apartment 182, Block D, Castleforbes Square, Dubli, IFSC, Dublin 1",1.0,1.0,Apartment,C2,2100.0,28.6316758,77.304413,7076.444,7074.545,7080.554,7080.706,7082.464,7081.534,7082.495,St Anne's Park,Dollymount Strand,Ben Dunne Gym Northside,Tesco Merrion,O'Connell St Stop,Connolly Station,Abbey Street Luas,7082.454169025757,2100.0,140.0,2240.0
https://www.daft.ie/for-rent/apartment-the-pavilion-apartments-marine-road-dun-laoghaire-co-dublin/6163585,"Apartment 76, The Pavilion Apartments, Marine Road, Dun Laoghaire, Co. Dublin",2.0,2.0,Apartment,C2,2500.0,28.6314315,77.3054671,7076.533,7074.633,7080.643,7080.794,7082.552,7081.623,7082.583,St Anne's Park,Dollymount Strand,Ben Dunne Gym Northside,Tesco Merrion,O'Connell St Stop,Connolly Station,Abbey Street Luas,7082.542609981651,1250.0,140.0,2640.0
https://www.daft.ie/for-rent/apartment-one-bedroom-apartment-clancy-quay-by-kennedy-wilson-south-circular-road-dublin-8/2511233,"One Bedroom Apartment, Clancy Quay by Kennedy Wilson, South Circular Road, Dublin 8",1.0,1.0,Studio,A2,2045.0,44.9606245,14.9257539,1786.722,1777.495,1784.676,1785.26,1789.942,1789.83,1789.861,St Anne's Park,Killiney Beach,Raw Gyms Sandyford,SuperValu Balally,Leeson St Lwr Stop,Pearse Station,Charlemont Luas,1790.8647280116993,2045.0,50.0,2095.0
https://www.daft.ie/for-rent/apartment-parnell-street-dublin-1/6152732,"Parnell Street, Dublin 1",1.0,1.0,Apartment,,2226.0,53.3502432,-6.2670304,1.439,4.417,0.955,1.301,0.449,1.356,0.452,St Stephen's Green,Sandymount Strand,FlyeFit Georges St,Aldi Phibsborough,O'Connell St Stop,Connolly Station,Abbey Street Luas,0.4494405222765715,2226.0,,
https://www.daft.ie/for-rent/apartment-apartment-4-park-house-ardilaun-court-dublin-8/6167033,"Apartment 4, Park House, Ardilaun Court, Dublin 8",1.0,1.0,House,BER Exempt,2200.0,-6.7755953,39.2027883,7922.553,7910.61,7917.12,7917.746,7923.616,7923.95,7923.409,St Anne's Park,Killiney Beach,Raw Gyms Sandyford,SuperValu Balally,Leeson St Lwr Stop,Pearse Station,Charlemont Luas,7925.009691384354,2200.0,80.0,2280.0
https://www.daft.ie/for-rent/house-55-waterloo-road-ballsbridge-dublin-4-ballsbridge-dublin-4/6064926,"55 Waterloo Road, Dublin 4",4.0,3.0,House,BER Exempt,9950.0,53.3301475,-6.2451355,1.053,2.296,1.773,1.638,0.849,1.537,0.872,Merrion Square Park,Sandymount Strand,FlyeFit Georges St,Lidl Rathmines,Leeson St Lwr Stop,Pearse Station,Charlemont Luas,2.4060262499568554,2487.5,80.0,10030.0
https://www.daft.ie/for-rent/apartment-2-bedroom-apartment-occu-hayfield-churchview-road-killiney-co-dublin/5900743,"2 Bedroom Apartment, Occu Hayfield, Churchview Road, Killiney, Co. Dublin",2.0,2.0,Apartment,A2,2400.0,44.9951619,-83.8715598,5429.09,5437.577,5432.718,5432.382,5432.429,5431.854,5433.656,Phoenix Park,Sandymount Strand,Ben Dunne Gym Northside,Aldi Phibsborough,Phibsborough Rd Stop,Heuston Station,Abbey Street Luas,5433.629837921387,1200.0,50.0,2450.0
https://www.daft.ie/for-rent/apartment-1-bedroom-apartment-charlotte-apartments-honeypark-dun-laoghaire-co-dublin/2589785,"1 Bedroom Apartment, Charlotte Apartments, Honeypark, Dun Laoghaire, Co. Dublin",1.0,1.0,Apartment,A2,2075.0,48.8754729,2.2958503,773.485,762.163,768.945,769.565,775.154,775.365,774.981,St Anne's Park,Killiney Beach,Raw Gyms Sandyford,SuperValu Balally,Leeson St Lwr Stop,Pearse Station,Charlemont Luas,776.4367917868648,2075.0,50.0,2125.0
https://www.daft.ie/for-rent/studio-apartment-redgap-rathcoole-co-dublin/6187590,"Redgap, Rathcoole, Co. Dublin",2.0,1.0,Studio,B1,1500.0,53.2665447,-6.4806287,14.177,19.25,16.718,15.598,16.597,15.408,16.351,Phoenix Park,Sandymount Strand,FlyeFit Georges St,Lidl Rathmines,Leeson St Lwr Stop,Heuston Station,Charlemont Luas,17.320304888594965,750.0,80.0,1580.0
https://www.daft.ie/for-rent/house-3-orby-court-the-gallops-leopardstown-dublin-18/6215410,"3 Orby Court, The Gallops, Leopardstown, Dublin 18",3.0,2.0,House,C3,3300.0,53.2652987,-6.2011117,8.821,6.349,1.36,1.967,8.394,9.268,8.075,Merrion Square Park,Killiney Beach,Raw Gyms Sandyford,SuperValu Balally,Leeson St Lwr Stop,Pearse Station,Charlemont Luas,10.185864174580743,1100.0,140.0,3440.0
https://www.daft.ie/for-rent/studio-apartment-9-bay-meadows-avenue-dublin-15-hollystown-dublin-15/6215718,"9 Bay Meadows Avenue, Dublin 15, Hollystown, Dublin 15",4.0,3.0,Studio,A2,1100.0,53.4224107,-6.3722839,7.818,14.915,9.106,9.473,9.532,9.953,11.019,Phoenix Park,Sandymount Strand,Ben Dunne Gym Northside,Aldi Phibsborough,Phibsborough Rd Stop,Heuston Station,Abbey Street Luas,10.97011704769306,275.0,50.0,1150.0
https://www.daft.ie/for-rent/apartment-apartment-2-tolka-lodge-ballyboggan-road-dublin-cabra-dublin-7/6218725,"Apartment 2, Tolka Lodge, Ballyboggan Road, Dublin, Cabra, Dublin 7",2.0,1.0,Apartment,BER Exempt,2400.0,51.4649839,-0.2597552,453.662,444.088,451.244,451.833,456.644,456.578,456.549,St Anne's Park,Killiney Beach,Raw Gyms Sandyford,SuperValu Balally,Leeson St Lwr Stop,Pearse Station,Charlemont Luas,457.6240258603013,1200.0,80.0,2480.0
https://www.daft.ie/for-rent/apartment-saint-peters-road-phibsborough-dublin-7/6194812,"Saint Peters Road, Phibsborough, Dublin 7",1.0,1.0,Studio,G,1800.0,52.4550623,-1.958814,300.579,292.392,299.624,300.179,304.356,304.109,304.315,St Anne's Park,Killiney Beach,Raw Gyms Sandyford,SuperValu Balally,Leeson St Lwr Stop,Pearse Station,Charlemont Luas,305.1151923077588,1800.0,340.0,2140.0
https://www.daft.ie/for-rent/apartment-saint-peters-road-phibsborough-dublin-7/6194812,"Saint Peters Road, Phibsborough, Dublin 7",1.0,1.0,Studio,G,1800.0,52.4550623,-1.958814,300.579,292.392,299.624,300.179,304.356,304.109,304.315,St Anne's Park,Killiney Beach,Raw Gyms Sandyford,SuperValu Balally,Leeson St Lwr Stop,Pearse Station,Charlemont Luas,305.1151923077588,1800.0,340.0,2140.0
https://www.daft.ie/for-rent/studio-apartment-flat-4-belvedere-place-dublin-1/6203193,"Belvedere Place, Dublin 1",1.0,1.0,Studio,BER Exempt,1500.0,53.3582148,-6.2577212,2.18,4.494,1.837,1.04,0.951,0.974,1.03,Merrion Square Park,Sandymount Strand,FlyeFit Georges St,Aldi Phibsborough,O'Connell St Stop,Connolly Station,Abbey Street Luas,0.9512075381143048,1500.0,80.0,1580.0
https://www.daft.ie/for-rent/apartment-76-the-crescent-carrickmines-manor-dublin-18-carrickmines-dublin-18/6131964,"76 The Crescent, Carrickmines Manor, Dublin 18, Carrickmines, Dublin 18",2.0,2.0,Apartment,C1,2600.0,53.2482869,-6.1776781,11.171,4.868,3.796,4.413,10.795,11.6,10.488,Merrion Square Park,Killiney Beach,Raw Gyms Sandyford,SuperValu Balally,Leeson St Lwr Stop,Pearse Station,Charlemont Luas,12.552274679227684,1300.0,140.0,2740.0
https://www.daft.ie/for-rent/apartment-apartment-36-the-barrington-lansdowne-place-dub-ballsbridge-dublin-4/6144691,"Apartment 36, The Barrington, Lansdowne Place, Dub, Ballsbridge, Dublin 4",2.0,1.0,Apartment,A2,5500.0,41.5320039,-73.932777,5047.535,5055.954,5052.06,5051.121,5051.16,5050.258,5052.213,Phoenix Park,Sandymount Strand,Ben Dunne Gym Northside,Aldi Phibsborough,Phibsborough Rd Stop,Heuston Station,Abbey Street Luas,5052.200630200896,2750.0,50.0,5550.0
https://www.daft.ie/for-rent/apartment-65-beechdale-court-ballycullen-ballycullen-dublin-24/6219036,"65 Beechdale Court, Ballycullen, Ballycullen, Dublin 24",2.0,2.0,Apartment,C2,2250.0,53.2690331,-6.3375489,9.291,10.767,8.451,7.543,8.902,9.179,8.536,St Stephen's Green,Sandymount Strand,Raw Gyms Sandyford,Lidl Rathmines,Leeson St Lwr Stop,Heuston Station,Charlemont Luas,10.34390098852412,1125.0,140.0,2390.0
https://www.daft.ie/for-rent/apartment-broadfield-close-rathcoole-co-dublin/6214248,"Broadfield Close, Rathcoole, Co. Dublin",2.0,1.0,Apartment,A2,1387.0,53.2798792,-6.4826557,13.271,18.891,16.145,15.213,16.115,14.713,15.898,Phoenix Park,Sandymount Strand,FlyeFit Georges St,Lidl Rathmines,Leeson St Lwr Stop,Heuston Station,Charlemont Luas,16.692257623695475,693.5,50.0,1437.0
https://www.daft.ie/for-rent/apartment-the-court-station-road-killiney-co-dublin/5961754,"The Court, Station Road, Killiney, Co. Dublin",2.0,2.0,Apartment,B3,4000.0,51.3119534,0.8906951,531.654,522.551,529.748,530.328,534.934,534.804,534.858,St Anne's Park,Killiney Beach,Raw Gyms Sandyford,SuperValu Balally,Leeson St Lwr Stop,Pearse Station,Charlemont Luas,535.8377324550407,2000.0,80.0,4080.0
https://www.daft.ie/for-rent/apartment-115-custom-house-harbour-ifsc-dublin-1-ifsc-dublin-1/6213210,115 Custom House Harbour IFSC Dublin 1,2.0,1.0,House,C3,2618.0,53.3509076,-6.2476242,1.281,3.445,1.422,2.023,0.85,0.162,0.878,Merrion Square Park,Sandymount Strand,FlyeFit Georges St,Aldi Phibsborough,O'Connell St Stop,Connolly Station,Abbey Street Luas,0.8503164391926082,1309.0,140.0,2758.0
https://www.daft.ie/for-rent/apartment--herbert-park-lane-ballsbridge-dublin-4/6181183,"Herbert Park Lane, Ballsbridge, Dublin 4",2.0,2.0,Apartment,C1,2800.0,53.531947,-2.2894183,257.941,254.877,261.485,261.545,263.734,262.836,263.771,St Anne's Park,Killiney Beach,Raw Gyms Sandyford,Tesco Merrion,Leeson St Lwr Stop,Connolly Station,Abbey Street Luas,263.7494551832032,1400.0,140.0,2940.0
https://www.daft.ie/for-rent/apartment--herbert-park-lane-ballsbridge-dublin-4/6181183,"Herbert Park Lane, Ballsbridge, Dublin 4",2.0,2.0,Apartment,C1,2800.0,53.531947,-2.2894183,257.941,254.877,261.485,261.545,263.734,262.836,263.771,St Anne's Park,Killiney Beach,Raw Gyms Sandyford,Tesco Merrion,Leeson St Lwr Stop,Connolly Station,Abbey Street Luas,263.7494551832032,1400.0,140.0,2940.0
https://www.daft.ie/for-rent/property-apartment-320-the-hawthorns-carrington-dublin-9-co-dublin/6200297,"Apartment 320, The Hawthorns, Carrington, Dublin 9",2.0,2.0,Apartment,BER Exempt,2350.0,41.5637785,-73.9456571,5046.134,5054.554,5050.655,5049.719,5049.758,5048.857,5050.812,Phoenix Park,Sandymount Strand,Ben Dunne Gym Northside,Aldi Phibsborough,Phibsborough Rd Stop,Heuston Station,Abbey Street Luas,5050.799272061191,1175.0,80.0,2430.0
https://www.daft.ie/for-rent/apartment-apartment-320-premier-square-finglas-road-dubli-finglas-dublin-11/6207918,"Premier Square, Finglas, Dublin 11",2.0,2.0,Apartment,C2,2350.0,53.3819046,-6.2896883,3.861,7.867,2.986,2.542,2.604,3.895,4.13,Phoenix Park,Sandymount Strand,Ben Dunne Gym Northside,Aldi Phibsborough,Phibsborough Rd Stop,Heuston Station,Abbey Street Luas,4.067698075712784,1175.0,140.0,2490.0
https://www.daft.ie/for-rent/apartment-ailesbury-oaks-ballsbridge-dublin-4/6180136,"Ailesbury Oaks, Ballsbridge, Dublin 4",2.0,2.0,Apartment,C1,2800.0,53.3208417,-6.2166937,2.953,1.014,3.872,0.316,2.999,3.28,2.916,Merrion Square Park,Sandymount Strand,FlyeFit Georges St,Tesco Merrion,Leeson St Lwr Stop,Pearse Station,Charlemont Luas,4.330317944341322,1400.0,140.0,2940.0
https://www.daft.ie/for-rent/apartment-40-block-3-marina-village-malahide-co-dublin/6182007,"40 Block 3, Marina Village, Malahide, Co. Dublin",2.0,2.0,Apartment,C2,2500.0,30.0508659,31.0040805,3956.055,3946.313,3953.436,3954.032,3958.948,3958.908,3958.845,St Anne's Park,Killiney Beach,Raw Gyms Sandyford,SuperValu Balally,Leeson St Lwr Stop,Pearse Station,Charlemont Luas,3959.95306636686,1250.0,140.0,2640.0
https://www.daft.ie/for-rent/apartment-28-raheen-close-dublin-24-tallaght-dublin-24/6220172,"28 Raheen Close, Dublin 24, Tallaght, Dublin 24",2.0,1.0,Apartment,C1,1700.0,53.2837777,-6.3891582,9.023,12.894,10.59,9.268,10.347,9.549,10.072,Phoenix Park,Sandymount Strand,FlyeFit Georges St,Lidl Rathmines,Leeson St Lwr Stop,Heuston Station,Charlemont Luas,11.276638646327106,850.0,140.0,1840.0
https://www.daft.ie/for-rent/apartment-apartment-30-1-jervis-street-dublin-1/6185455,"Apartment 30, 1 Jervis Street, Dublin 1",2.0,1.0,Apartment,D2,2500.0,41.5654569,-73.5899762,5023.062,5031.477,5027.603,5026.653,5026.691,5025.783,5027.741,Phoenix Park,Sandymount Strand,Ben Dunne Gym Northside,Aldi Phibsborough,Phibsborough Rd Stop,Heuston Station,Abbey Street Luas,5027.728593238244,1250.0,215.0,2715.0
https://www.daft.ie/for-rent/apartment-2-bed-apartment-scholarstown-wood-scholarstown-road-rathfarnham-dublin-16/6046073,"2 Bed Apartment, Scholarstown Wood, Scholarstown Road, Rathfarnham, Dublin 16",2.0,2.0,Apartment,A3,2597.0,9.7887925,126.1599534,11680.025,11679.196,11682.321,11685.662,11685.679,11685.06,11685.974,St Anne's Park,Dollymount Strand,Ben Dunne Gym Northside,Aldi Phibsborough,Phibsborough Rd Stop,Connolly Station,Abbey Street Luas,11685.896567275577,1298.5,50.0,2647.0
https://www.daft.ie/for-rent/apartment-1-bed-seafield-strand-greenfield-road-sutton-dublin-13/5404490,"1-Bed, Seafield Strand, Greenfield Road, Sutton, Dublin 13",1.0,1.0,Apartment,A2,2199.0,47.6314279,-122.2939971,7269.065,7276.629,7270.04,7271.218,7271.277,7271.576,7272.772,Phoenix Park,Sandymount Strand,Ben Dunne Gym Northside,Aldi Phibsborough,Phibsborough Rd Stop,Heuston Station,Abbey Street Luas,7272.713178571463,2199.0,50.0,2249.0
https://www.daft.ie/for-rent/house-rialto-cottages-dublin-8-rialto-dublin-8/6217810,"Rialto Cottages, Dublin 8, Rialto, Dublin 8",1.0,1.0,House,B2,2000.0,53.3367909,-6.2966326,2.497,5.775,2.307,2.793,2.665,1.171,2.373,St Stephen's Green,Sandymount Strand,FlyeFit Georges St,Lidl Rathmines,Leeson St Lwr Stop,Heuston Station,St Stephen's Green Luas,2.812478403304093,2000.0,80.0,2080.0
https://www.daft.ie/for-rent/house-16-loreto-crescent-rathfarnham-dublin-14/6205334,"16 Loreto Crescent, Rathfarnham, Dublin 14",2.0,1.0,House,D2,2400.0,53.2901113,-6.2732545,5.429,6.018,4.426,3.465,4.89,6.221,4.482,St Stephen's Green,Sandymount Strand,Raw Gyms Sandyford,Lidl Rathmines,Leeson St Lwr Stop,Pearse Station,Charlemont Luas,6.692625257331127,1200.0,215.0,2615.0
https://www.daft.ie/for-rent/house-castleway-kinsealy-lane-malahide-co-dublin/6206971,"Castleway, Kinsealy Lane, Malahide, Co. Dublin",4.0,4.0,House,A2,3899.0,53.4354311,-6.1653941,7.001,8.453,7.415,10.859,10.884,10.708,11.486,St Anne's Park,Dollymount Strand,Ben Dunne Gym Northside,Aldi Phibsborough,Phibsborough Rd Stop,Connolly Station,Abbey Street Luas,11.413434130428556,974.75,50.0,3949.0
https://www.daft.ie/for-rent/apartment-strangford-drive-newcastle-co-dublin/6211167,"Strangford Drive, Newcastle, Co. Dublin",1.0,1.0,Studio,B2,1500.0,51.9756213,-0.7287518,398.657,389.937,397.157,397.726,402.153,401.973,402.092,St Anne's Park,Killiney Beach,Raw Gyms Sandyford,SuperValu Balally,Leeson St Lwr Stop,Pearse Station,Charlemont Luas,402.99514273245495,1500.0,80.0,1580.0
https://www.daft.ie/for-rent/apartment-apartment-4-27-north-circular-road-north-circular-road-dublin-7/6107308,"Apartment 4, 27 North Circular Road, North Circular Road, Dublin 7",3.0,1.0,Apartment,A3,2999.0,-6.7755953,39.2027883,7922.553,7910.61,7917.12,7917.746,7923.616,7923.95,7923.409,St Anne's Park,Killiney Beach,Raw Gyms Sandyford,SuperValu Balally,Leeson St Lwr Stop,Pearse Station,Charlemont Luas,7925.009691384354,999.6666666666666,50.0,3049.0
https://www.daft.ie/for-rent/apartment-27-tara-view-tara-view-merrion-road-ballsbridge-dublin-4-dublin-4/5619919,"27 Tara View , Tara View, Merrion Road, Ballsbridge, Dublin 4, Dublin 4",2.0,2.0,Apartment,A3,3500.0,34.7908001,-79.452253,5906.862,5915.217,5911.532,5910.513,5910.55,5909.559,5911.547,Phoenix Park,Sandymount Strand,FlyeFit Georges St,Aldi Phibsborough,Phibsborough Rd Stop,Heuston Station,Abbey Street Luas,5911.537649253069,1750.0,50.0,3550.0
https://www.daft.ie/for-rent/house-barnwell-road-dublin-15-ongar-dublin-15/6165731,"Barnwell Road, Dublin 15, Ongar, Dublin 15",3.0,2.0,House,BER Exempt,3000.0,53.3931608,-6.4451437,8.648,17.112,13.179,11.987,12.029,11.406,13.193,Phoenix Park,Sandymount Strand,Ben Dunne Gym Northside,Aldi Phibsborough,Phibsborough Rd Stop,Heuston Station,Abbey Street Luas,13.176634547490076,1000.0,80.0,3080.0
https://www.daft.ie/for-rent/apartment-laburnum-hazeldene-anglesea-road-ballsbridge-dublin-4/6123855,"Laburnum, Hazeldene, Anglesea Road, Ballsbridge, Dublin 4",4.0,2.0,Apartment,B3,4500.0,-37.8206741,145.1408716,17223.924,17222.498,17227.254,17229.218,17230.059,17229.139,17230.106,St Anne's Park,Dollymount Strand,Ben Dunne Gym Northside,Tesco Merrion,O'Connell St Stop,Connolly Station,Abbey Street Luas,17230.03498799058,1125.0,80.0,4580.0
https://www.daft.ie/for-rent/house-41-prospect-lawn-cabinteely-dublin-18/6177266,41 Prospect Lawn,3.0,1.0,House,D1,3000.0,53.2627302,-6.1603328,10.344,3.623,3.678,4.272,10.115,10.724,9.862,Merrion Square Park,Killiney Beach,Raw Gyms Sandyford,SuperValu Balally,Leeson St Lwr Stop,Pearse Station,Charlemont Luas,11.74110675432832,1000.0,215.0,3215.0
https://www.daft.ie/for-rent/house-4-grosvenor-lodge-dublin-6-rathmines-dublin-6/6166624,"4 Grosvenor Lodge, Dublin 6, Rathmines, Dublin 6",4.0,2.0,House,BER Exempt,2182.0,53.3253289,-6.2695789,1.591,3.94,1.905,0.617,1.194,2.532,0.881,St Stephen's Green,Sandymount Strand,FlyeFit Georges St,Lidl Rathmines,Leeson St Lwr Stop,Pearse Station,Charlemont Luas,2.7899315504895705,545.5,80.0,2262.0
https://www.daft.ie/for-rent/apartment-1-bed-brickfield-square-brickfield-drive-dublin-12/5730448,"1 Bed , Brickfield Square, Brickfield Drive, Dublin 12",1.0,1.0,Apartment,A2,2200.0,51.4856973,-2.5233171,324.535,313.01,319.743,320.365,326.015,326.256,325.834,St Anne's Park,Killiney Beach,Raw Gyms Sandyford,SuperValu Balally,Leeson St Lwr Stop,Pearse Station,Charlemont Luas,327.32935571216734,2200.0,50.0,2250.0
https://www.daft.ie/for-rent/studio-apartment-botanic-avenue-drumcondra-dublin-9/6181689,"Botanic Avenue, Drumcondra, Dublin 9",3.0,1.0,Studio,BER Exempt,1764.0,53.3678676,-6.2575149,3.222,5.309,2.514,1.215,1.228,1.869,2.096,Merrion Square Park,Sandymount Strand,Ben Dunne Gym Northside,Aldi Phibsborough,Phibsborough Rd Stop,Connolly Station,Abbey Street Luas,2.017509051978927,588.0,80.0,1844.0
https://www.daft.ie/for-rent/studio-apartment-botanic-avenue-drumcondra-dublin-9/6181689,"Botanic Avenue, Drumcondra, Dublin 9",3.0,1.0,Studio,BER Exempt,1764.0,53.3678676,-6.2575149,3.222,5.309,2.514,1.215,1.228,1.869,2.096,Merrion Square Park,Sandymount Strand,Ben Dunne Gym Northside,Aldi Phibsborough,Phibsborough Rd Stop,Connolly Station,Abbey Street Luas,2.017509051978927,588.0,80.0,1844.0
https://www.daft.ie/for-rent/apartment-christchurch-square-back-lane-dublin-8-christchurch-dublin-8/6149943,"Christchurch Square, Back Lane, Dublin 8, Christchurch, Dublin 8",1.0,1.0,Studio,B2,1000.0,53.3427062,-6.2725626,1.025,4.38,0.64,2.09,1.133,1.353,0.899,St Stephen's Green,Sandymount Strand,FlyeFit Georges St,Aldi Phibsborough,O'Connell St Stop,Heuston Station,St Stephen's Green Luas,1.1334887093997792,1000.0,80.0,1080.0
https://www.daft.ie/for-rent/property--reuben-square-dolphins-barn-co-dublin/6219812,"Reuben Square, Dolphin's Barn, Dublin 8",1.0,1.0,Apartment,A3,2000.0,53.3342733,-6.2911843,2.175,5.381,2.059,2.336,2.274,1.404,2.058,St Stephen's Green,Sandymount Strand,FlyeFit Georges St,Lidl Rathmines,Leeson St Lwr Stop,Heuston Station,St Stephen's Green Luas,2.680414527991269,2000.0,50.0,2050.0
https://www.daft.ie/for-rent/house-ballyboughal-co-dublin/6208616,"Ballyboughal, Co. Dublin",4.0,1.0,House,,2200.0,53.5205236,-6.2674973,17.504,19.619,14.635,17.686,17.741,18.755,19.067,St Anne's Park,Dollymount Strand,Ben Dunne Gym Northside,Aldi Phibsborough,Phibsborough Rd Stop,Connolly Station,Abbey Street Luas,18.98958411445465,550.0,,
https://www.daft.ie/for-rent/property-64-clay-farm-drive-dublin-18-leopardstown-co-dublin/6189821,"64 Clay Farm Drive, Dublin 18, Leopardstown, Dublin 18",4.0,3.0,Apartment,A2,4200.0,53.2550479,-6.2015424,9.885,6.339,2.413,2.967,9.419,10.341,9.085,Merrion Square Park,Killiney Beach,Raw Gyms Sandyford,SuperValu Balally,Leeson St Lwr Stop,Pearse Station,Charlemont Luas,11.236126678059982,1050.0,50.0,4250.0
https://www.daft.ie/for-rent/apartment-seaview-21-strand-road-dublin-4-sandymount-dublin-4/6112152,"STRAND ROAD SAndymount , Sandymount, Dublin 4",2.0,1.0,Apartment,BER Exempt,4600.0,53.3311808,-6.2097265,2.732,0.228,3.736,1.428,3.146,2.879,3.225,Merrion Square Park,Sandymount Strand,FlyeFit Georges St,Tesco Merrion,Leeson St Lwr Stop,Pearse Station,Charlemont Luas,3.9445726297695294,2300.0,80.0,4680.0
https://www.daft.ie/for-rent/apartment-2-cruise-park-drive-dublin-15-tyrrelstown-dublin-15/6179110,"2 Cruise Park Drive, Dublin 15, Tyrrelstown, Dublin 15",2.0,2.0,Apartment,C1,2500.0,53.4188461,-6.3967986,8.203,15.873,10.484,10.426,10.481,10.611,11.911,Phoenix Park,Sandymount Strand,Ben Dunne Gym Northside,Aldi Phibsborough,Phibsborough Rd Stop,Heuston Station,Abbey Street Luas,11.870062480629628,1250.0,140.0,2640.0
https://www.daft.ie/for-rent/house-cuil-duin-row-citywest-co-dublin/6116692,"Cuil Duin Row, Citywest, Co. Dublin",3.0,3.0,House,A2,3000.0,53.2852268,-6.431929,10.453,15.497,12.876,11.826,12.779,11.567,12.544,Phoenix Park,Sandymount Strand,FlyeFit Georges St,Lidl Rathmines,Leeson St Lwr Stop,Heuston Station,Charlemont Luas,13.47323892840514,1000.0,50.0,3050.0
https://www.daft.ie/for-rent/house-clarinda-park-dun-laoghaire-co-dublin/6190226,"Clarinda Park, Dun Laoghaire, Co. Dublin",6.0,5.0,House,BER Exempt,7500.0,53.2889369,-6.1316154,9.58,3.807,5.47,5.817,9.664,9.829,9.538,Merrion Square Park,Killiney Beach,Raw Gyms Sandyford,SuperValu Balally,Leeson St Lwr Stop,Pearse Station,Charlemont Luas,10.902406133629786,1250.0,80.0,7580.0
https://www.daft.ie/for-rent/studio-apartment-rathdown-road-dublin-7/6216126,"Rathdown Road, Dublin 7",1.0,1.0,Studio,BER Exempt,1350.0,53.3578229,-6.2795448,2.57,5.575,2.074,0.626,0.613,1.458,1.593,St Stephen's Green,Sandymount Strand,FlyeFit Georges St,Aldi Phibsborough,Phibsborough Rd Stop,Heuston Station,Abbey Street Luas,1.5579624802411192,1350.0,80.0,1430.0
https://www.daft.ie/for-rent/the-cornerstone-stillorgan-stillorgan-co-dublin/5650337,The Cornerstone Stillorgan Stillorgan Co Dublin,1.0,1.0,Studio,A3,2155.0,53.2895805,-6.196653,6.523,4.502,1.786,1.771,6.276,6.92,6.027,Merrion Square Park,Sandymount Strand,Raw Gyms Sandyford,SuperValu Balally,Leeson St Lwr Stop,Pearse Station,Charlemont Luas,7.918976238583359,2155.0,50.0,2205.0
https://www.daft.ie/for-rent/house-1-the-close-hazelbrook-square-churchtown-dublin-14/6075182,"1 The Close, Hazelbrook Square, Churchtown, Dublin 14",4.0,4.0,House,A2,3950.0,53.2941187,-6.2669437,4.929,5.406,4.23,2.972,4.374,5.684,3.966,St Stephen's Green,Sandymount Strand,Raw Gyms Sandyford,Lidl Rathmines,Leeson St Lwr Stop,Pearse Station,Charlemont Luas,6.207182633881495,987.5,50.0,4000.0
https://www.daft.ie/for-rent/apartment-apartment-160-wyckham-point-wyckham-way-dundrum-dublin-16/6164090,"Apartment 160, Wyckham Point, Wyckham Way, Dundrum, Dublin 16",3.0,2.0,Apartment,B3,3700.0,28.6318775,77.3044829,7076.432,7074.532,7080.542,7080.693,7082.452,7081.522,7082.483,St Anne's Park,Dollymount Strand,Ben Dunne Gym Northside,Tesco Merrion,O'Connell St Stop,Connolly Station,Abbey Street Luas,7082.441867151428,1233.3333333333333,80.0,3780.0
https://www.daft.ie/for-rent/apartment-1-bed-coopers-cross-coopers-cross-mayor-street-upper-dublin-1/5374210,"1-Bed , Coopers Cross, Coopers Cross, Mayor Street Upper, Dublin 1",1.0,1.0,Studio,A2,2375.0,47.6314279,-122.2939971,7269.065,7276.629,7270.04,7271.218,7271.277,7271.576,7272.772,Phoenix Park,Sandymount Strand,Ben Dunne Gym Northside,Aldi Phibsborough,Phibsborough Rd Stop,Heuston Station,Abbey Street Luas,7272.713178571463,2375.0,50.0,2425.0
https://www.daft.ie/for-rent/apartment-merton-hall-milltown-avenue-mount-saint-annes-milltown-dublin-6/6220240,"Merton Hall, Milltown Avenue, Mount Saint Annes, Milltown, Dublin 6",1.0,1.0,Apartment,B3,2500.0,52.5440383,0.8180008,477.265,470.978,478.123,478.624,481.961,481.499,481.987,St Anne's Park,Killiney Beach,Raw Gyms Sandyford,SuperValu Balally,Leeson St Lwr Stop,Pearse Station,Charlemont Luas,482.429652472846,2500.0,80.0,2580.0
https://www.daft.ie/for-rent/apartment-burton-house-custom-house-square-mayor-street-lo-north-wall-dublin-1/6220577,"Burton House, Custom House Square, Mayor Street Lo, North Wall, Dublin 1",1.0,1.0,House,BER Exempt,1902.0,41.7644693,-72.6999248,4951.643,4960.051,4956.216,4955.243,4955.281,4954.361,4956.323,Phoenix Park,Sandymount Strand,Ben Dunne Gym Northside,Aldi Phibsborough,Phibsborough Rd Stop,Heuston Station,Abbey Street Luas,4956.311981141386,1902.0,80.0,1982.0
